2010 County Set Description,GeoFips,Population2010,FIPS State Code,FIPS County Code
Autauga,1001,54571,1,1
Baldwin,1003,182265,1,3
Barbour,1005,27457,1,5
Bullock,1011,10914,1,11
Henry,1067,17302,1,67
Bibb,1007,22915,1,7
Chilton,1021,43643,1,21
Coosa,1037,11539,1,37
Perry,1105,10591,1,105
Blount,1009,57322,1,9
Butler,1013,20947,1,13
Crenshaw,1041,13906,1,41
Pike,1109,32899,1,109
Calhoun,1015,118572,1,15
Chambers,1017,34215,1,17
Cleburne,1029,14972,1,29
Randolph,1111,22913,1,111
Cherokee,1019,25989,1,19
Etowah,1055,104430,1,55
Choctaw,1023,13859,1,23
Clarke,1025,25833,1,25
Washington,1129,17581,1,129
Clay,1027,13932,1,27
Talladega,1121,82291,1,121
Coffee,1031,49948,1,31
Geneva,1061,26790,1,61
Colbert,1033,54428,1,33
Conecuh,1035,13228,1,35
Marengo,1091,21027,1,91
Monroe,1099,23068,1,99
Wilcox,1131,11670,1,131
Covington,1039,37765,1,39
Escambia,1053,38319,1,53
Cullman,1043,80406,1,43
Dale,1045,50251,1,45
Dallas,1047,43820,1,47
Lowndes,1085,11299,1,85
DeKalb,1049,71109,1,49
Elmore,1051,79303,1,51
Fayette,1057,17241,1,57
Lamar,1075,14564,1,75
Marion,1093,30776,1,93
Franklin,1059,31704,1,59
Lawrence,1079,34339,1,79
Greene,1063,9045,1,63
Hale,1065,15760,1,65
Pickens,1107,19746,1,107
Sumter,1119,13763,1,119
Houston,1069,101547,1,69
Jackson,1071,53227,1,71
Jefferson,1073,658466,1,73
Lauderdale,1077,92709,1,77
Lee,1081,140247,1,81
Limestone,1083,82782,1,83
Macon,1087,21452,1,87
Tallapoosa,1123,41616,1,123
Madison,1089,334811,1,89
Marshall,1095,93019,1,95
Mobile,1097,412992,1,97
Montgomery,1101,229363,1,101
Morgan,1103,119490,1,103
Russell,1113,52947,1,113
St. Clair,1115,83593,1,115
Shelby,1117,195085,1,117
Tuscaloosa,1125,194656,1,125
Walker,1127,67023,1,127
Winston,1133,24484,1,133
Anchorage  ,2020,291826,2,20
Fairbanks North Star ,2090,97581,2,90
Kenai Peninsula  ,2122,55400,2,122
Matanuska-Susitna ,2170,88995,2,170
Denali ,2068,1826,2,68
Nome ,2180,9492,2,180
North Slope ,2185,9430,2,185
Northwest Arctic ,2188,7523,2,188
Southeast Fairbanks ,2240,7029,2,240
Valdez-Cordova,2261,9636,2,261
Yukon-Koyukuk,2290,5588,2,290
Haines ,2100,2508,2,100
Hoonah-Angoon,2105,2150,2,105
Juneau ,2110,31275,2,110
Ketchikan Gateway ,2130,13477,2,130
Petersburg,2195,3815,2,195
Prince of Wales-Hyder ,2198,5559,2,198
Sitka,2220,8881,2,220
Skagway ,2230,968,2,230
Wrangell ,2275,2369,2,275
Yakutat,2282,662,2,282
Aleutians East ,2013,3141,2,13
Aleutians West ,2016,5561,2,16
Bethel ,2050,17013,2,50
Bristol Bay ,2060,997,2,60
Dillingham ,2070,4847,2,70
Kodiak Island ,2150,13592,2,150
Lake and Peninsula ,2164,1631,2,164
Wade Hampton,2270,7459,2,270
Apache,4001,71518,4,1
Cochise,4003,131346,4,3
Graham,4009,37220,4,9
Greenlee,4011,8437,4,11
Coconino,4005,134421,4,5
Gila,4007,53597,4,7
La Paz,4012,20489,4,12
Yavapai,4025,211033,4,25
Maricopa,4013,3817117,4,13
Mohave,4015,200186,4,15
Navajo,4017,107449,4,17
Pima,4019,980263,4,19
Santa Cruz,4023,47420,4,23
Pinal,4021,375770,4,21
Yuma,4027,195751,4,27
Arkansas (county),5001,19019,5,1
Monroe,5095,8149,5,95
Phillips,5107,21757,5,107
Prairie,5117,8715,5,117
Baxter,5005,41513,5,5
Marion,5089,16653,5,89
Benton,5007,221339,5,7
Boone,5009,36903,5,9
Carroll,5015,27446,5,15
Madison,5087,15717,5,87
Bradley,5011,11508,5,11
Calhoun,5013,5368,5,13
Cleveland,5025,8689,5,25
Union,5139,41639,5,139
Clark,5019,22995,5,19
Dallas,5039,8116,5,39
Ouachita ,5103,26120,5,103
Clay,5021,16083,5,21
Greene,5055,42090,5,55
Columbia,5027,24552,5,27
Lafayette,5073,7645,5,73
Miller,5091,43462,5,91
Conway,5029,21273,5,29
Pope,5115,61754,5,115
Craighead,5031,96443,5,31
Crawford,5033,61948,5,33
Crittenden,5035,50902,5,35
Cross,5037,17870,5,37
Lee,5077,10424,5,77
St. Francis,5123,28258,5,123
Faulkner,5045,113237,5,45
Franklin,5047,18125,5,47
Johnson,5071,25540,5,71
Logan,5083,22353,5,83
Garland,5051,96024,5,51
Grant,5053,17853,5,53
Hot Spring,5059,32923,5,59
Hempstead,5057,22609,5,57
Howard,5061,13789,5,61
Nevada,5099,8997,5,99
Pike,5109,11291,5,109
Independence,5063,36647,5,63
Jackson,5067,17997,5,67
Woodruff,5147,7260,5,147
Jefferson,5069,77435,5,69
Little River,5081,13171,5,81
Polk,5113,20662,5,113
Sevier,5133,17058,5,133
Lonoke,5085,68356,5,85
Mississippi,5093,46480,5,93
Poinsett,5111,24583,5,111
Montgomery,5097,9487,5,97
Perry,5105,10445,5,105
Scott,5127,11233,5,127
Yell,5149,22185,5,149
Pulaski,5119,382748,5,119
Saline,5125,107118,5,125
Sebastian,5131,125744,5,131
Fulton,5049,12245,5,49
Izard,5065,13696,5,65
Lawrence,5075,17415,5,75
Randolph,5121,17969,5,121
Sharp,5135,17264,5,135
Ashley,5003,21853,5,3
Chicot,5017,11800,5,17
Desha,5041,13008,5,41
Drew,5043,18509,5,43
Lincoln,5079,14134,5,79
Cleburne,5023,25970,5,23
Newton,5101,8330,5,101
Searcy,5129,8195,5,129
Stone,5137,12394,5,137
Van Buren,5141,17295,5,141
Washington,5143,203065,5,143
White,5145,77076,5,145
Alameda,6001,1510271,6,1
Alpine,6003,1175,6,3
Amador,6005,38091,6,5
Calaveras,6009,45578,6,9
Inyo,6027,18546,6,27
Mono,6051,14202,6,51
Butte,6007,220000,6,7
Colusa,6011,21419,6,11
Lake,6033,64665,6,33
Contra Costa,6013,1049025,6,13
Del Norte,6015,28610,6,15
Humboldt,6023,134623,6,23
Trinity,6105,13786,6,105
El Dorado,6017,181058,6,17
Fresno,6019,930450,6,19
Glenn,6021,28122,6,21
Tehama,6103,63463,6,103
Imperial,6025,174528,6,25
Kern,6029,839631,6,29
Kings,6031,152982,6,31
Lassen,6035,34895,6,35
Plumas,6063,20007,6,63
Sierra,6091,3240,6,91
Los Angeles,6037,9818605,6,37
Madera,6039,150865,6,39
Marin,6041,252409,6,41
Mariposa,6043,18251,6,43
Tuolumne,6109,55365,6,109
Mendocino,6045,87841,6,45
Merced,6047,255793,6,47
Modoc,6049,9686,6,49
Siskiyou,6093,44900,6,93
Monterey,6053,415057,6,53
Napa,6055,136484,6,55
Nevada,6057,98764,6,57
Orange,6059,3010232,6,59
Placer,6061,348432,6,61
Riverside,6065,2189641,6,65
Sacramento,6067,1418788,6,67
San Benito,6069,55269,6,69
San Bernardino,6071,2035210,6,71
San Diego,6073,3095313,6,73
San Francisco,6075,805235,6,75
San Joaquin,6077,685306,6,77
San Luis Obispo,6079,269637,6,79
San Mateo,6081,718451,6,81
Santa Barbara,6083,423895,6,83
Santa Clara,6085,1781642,6,85
Santa Cruz,6087,262382,6,87
Shasta,6089,177223,6,89
Solano,6095,413344,6,95
Sonoma,6097,483878,6,97
Stanislaus,6099,514453,6,99
Sutter,6101,94737,6,101
Tulare,6107,442179,6,107
Ventura,6111,823318,6,111
Yolo,6113,200849,6,113
Yuba,6115,72155,6,115
Adams,8001,441603,8,1
Arapahoe,8005,572003,8,5
Boulder,8013,294567,8,13
Broomfield,8014,55889,8,14
Chaffee,8015,17809,8,15
Gunnison,8051,15324,8,51
Lake,8065,7310,8,65
Pitkin,8097,17148,8,97
Saguache,8109,6108,8,109
Custer,8027,4255,8,27
Fremont,8043,46824,8,43
Delta,8029,30952,8,29
Montrose,8085,41276,8,85
Denver,8031,600158,8,31
Douglas,8035,285465,8,35
Eagle,8037,52197,8,37
Elbert,8039,23086,8,39
Kit Carson,8063,8270,8,63
Lincoln,8073,5467,8,73
Washington,8121,4814,8,121
Yuma,8125,10043,8,125
El Paso,8041,622263,8,41
Garfield,8045,56389,8,45
Jefferson,8059,534543,8,59
La Plata,8067,51334,8,67
Montezuma,8083,25535,8,83
Larimer,8069,299630,8,69
Logan,8075,22709,8,75
Morgan,8087,28159,8,87
Phillips,8095,4442,8,95
Sedgwick,8115,2379,8,115
Mesa,8077,146723,8,77
Grand,8049,14843,8,49
Jackson,8057,1394,8,57
Moffat,8081,13795,8,81
Rio Blanco,8103,6666,8,103
Routt,8107,23509,8,107
Clear Creek,8019,9088,8,19
Gilpin,8047,5441,8,47
Park,8093,16206,8,93
Summit,8117,27994,8,117
Teller,8119,23350,8,119
Pueblo,8101,159063,8,101
Baca ,8009,3788,8,9
Bent,8011,6499,8,11
Cheyenne,8017,1836,8,17
Conejos,8021,8256,8,21
Costilla,8023,3524,8,23
Crowley,8025,5823,8,25
Huerfano,8055,6711,8,55
Kiowa,8061,1398,8,61
Las Animas,8071,15507,8,71
Otero,8089,18831,8,89
Prowers,8099,12551,8,99
Alamosa,8003,15445,8,3
Archuleta,8007,12084,8,7
Dolores,8033,2064,8,33
Hinsdale,8053,843,8,53
Mineral,8079,712,8,79
Ouray,8091,4436,8,91
Rio Grande,8105,11982,8,105
San Juan,8111,699,8,111
San Miguel,8113,7359,8,113
Weld,8123,252825,8,123
Fairfield,9001,916829,9,1
Hartford,9003,894014,9,3
Litchfield,9005,189927,9,5
Middlesex,9007,165676,9,7
New Haven,9009,862477,9,9
New London,9011,274055,9,11
Tolland,9013,152691,9,13
Windham,9015,118428,9,15
Kent,10001,162310,10,1
New Castle,10003,538479,10,3
Sussex,10005,197145,10,5
District of Columbia,11001,601723,11,1
Alachua ,12001,247336,12,1
Baker ,12003,27115,12,3
Bradford ,12007,28520,12,7
Union ,12125,15535,12,125
Bay ,12005,168852,12,5
Brevard,12009,543376,12,9
Broward ,12011,1748066,12,11
Charlotte ,12015,159978,12,15
Citrus ,12017,141236,12,17
Clay ,12019,190865,12,19
Collier ,12021,321520,12,21
Columbia ,12023,67531,12,23
DeSoto ,12027,34862,12,27
Hardee ,12049,27731,12,49
Dixie ,12029,16422,12,29
Gilchrist ,12041,16939,12,41
Levy ,12075,40801,12,75
Duval,12031,864263,12,31
Escambia ,12033,297619,12,33
Flagler,12035,95696,12,35
Gadsden ,12039,46389,12,39
Leon ,12073,275487,12,73
Glades ,12043,12884,12,43
Hendry ,12051,39140,12,51
Okeechobee ,12093,39996,12,93
Hamilton ,12047,14799,12,47
Lafayette ,12067,8870,12,67
Suwannee ,12121,41551,12,121
Hernando ,12053,172778,12,53
Highlands ,12055,98786,12,55
Hillsborough ,12057,1229226,12,57
Holmes ,12059,19927,12,59
Walton ,12131,55043,12,131
Indian River ,12061,138028,12,61
Jackson ,12063,49746,12,63
Washington ,12133,24896,12,133
Jefferson ,12065,14761,12,65
Madison ,12079,19224,12,79
Taylor ,12123,22570,12,123
Lake ,12069,297052,12,69
Lee ,12071,618754,12,71
Calhoun ,12013,14625,12,13
Franklin ,12037,11549,12,37
Gulf ,12045,15863,12,45
Liberty ,12077,8365,12,77
Wakulla ,12129,30776,12,129
Manatee ,12081,322833,12,81
Marion ,12083,331298,12,83
Martin ,12085,146318,12,85
Miami-Dade ,12086,2496435,12,86
Monroe ,12087,73090,12,87
Nassau ,12089,73314,12,89
Okaloosa ,12091,180822,12,91
Orange ,12095,1145956,12,95
Osceola ,12097,268685,12,97
Palm Beach ,12099,1320134,12,99
Pasco ,12101,464697,12,101
Pinellas ,12103,916542,12,103
Polk ,12105,602095,12,105
Putnam ,12107,74364,12,107
St. Johns,12109,190039,12,109
St. Lucie ,12111,277789,12,111
Santa Rosa ,12113,151372,12,113
Sarasota ,12115,379448,12,115
Seminole ,12117,422718,12,117
Sumter ,12119,93420,12,119
Volusia,12127,494593,12,127
Appling,13001,18236,13,1
Jeff Davis,13161,15068,13,161
Long,13183,14464,13,183
Wayne,13305,30099,13,305
Bacon,13005,11096,13,5
Ben Hill,13017,17634,13,17
Coffee,13069,42356,13,69
Irwin,13155,9538,13,155
Banks,13011,18395,13,11
Habersham,13137,43041,13,137
Barrow,13013,69367,13,13
Bartow,13015,100157,13,15
Bibb,13021,155547,13,21
Bleckley,13023,13063,13,23
Dodge,13091,21796,13,91
Pulaski,13235,12010,13,235
Twiggs,13289,9023,13,289
Brantley,13025,18411,13,25
Pierce,13229,18758,13,229
Ware,13299,36312,13,299
Brooks,13027,16243,13,27
Thomas,13275,44720,13,275
Bryan,13029,30233,13,29
Liberty,13179,63453,13,179
Bulloch,13031,70217,13,31
Burke,13033,23316,13,33
Emanuel,13107,22598,13,107
Jenkins,13165,8340,13,165
Screven ,13251,14593,13,251
Butts,13035,23655,13,35
Lamar,13171,18317,13,171
Monroe,13207,26424,13,207
Baker,13007,3451,13,7
Calhoun,13037,6694,13,37
Clay,13061,3183,13,61
Early,13099,11008,13,99
Lee,13177,28298,13,177
Miller,13201,6125,13,201
Quitman,13239,2513,13,239
Randolph,13243,7719,13,243
Terrell,13273,9315,13,273
Camden,13039,50513,13,39
Charlton,13049,12171,13,49
Candler,13043,10998,13,43
Evans,13109,11000,13,109
Tattnall,13267,25520,13,267
Toombs,13279,27223,13,279
Carroll,13045,110527,13,45
Heard,13149,11834,13,149
Catoosa,13047,63942,13,47
Chatham,13051,265128,13,51
Chattooga,13055,26015,13,55
Dade,13083,16633,13,83
Walker,13295,68756,13,295
Cherokee,13057,214346,13,57
Pickens,13227,29431,13,227
Clarke,13059,116714,13,59
Madison,13195,28120,13,195
Oconee,13219,32808,13,219
Clayton,13063,259424,13,63
Cobb,13067,688078,13,67
Colquitt,13071,45498,13,71
Mitchell,13205,23498,13,205
Columbia,13073,124053,13,73
Coweta,13077,127317,13,77
Crawford,13079,12630,13,79
Peach,13225,27695,13,225
Pike,13231,17869,13,231
Upson,13293,27153,13,293
Crisp,13081,23439,13,81
Dooly,13093,14918,13,93
Turner,13287,8930,13,287
Wilcox,13315,9255,13,315
Dawson,13085,22330,13,85
Lumpkin,13187,29966,13,187
White,13311,27144,13,311
Decatur,13087,27842,13,87
Grady,13131,25011,13,131
Seminole,13253,8729,13,253
DeKalb,13089,691893,13,89
Dougherty,13095,94565,13,95
Douglas,13097,132403,13,97
Effingham,13103,52250,13,103
Elbert ,13105,20166,13,105
Franklin,13119,22084,13,119
Hart,13147,25213,13,147
Stephens,13257,26175,13,257
Fannin,13111,23682,13,111
Rabun,13241,16276,13,241
Towns,13281,10471,13,281
Union,13291,21356,13,291
Fayette,13113,106567,13,113
Floyd,13115,96317,13,115
Forsyth,13117,175511,13,117
Fulton,13121,920581,13,121
Gilmer,13123,28292,13,123
Murray,13213,39628,13,213
Glynn,13127,79626,13,127
McIntosh,13191,14333,13,191
Gordon,13129,55186,13,129
Gwinnett,13135,805321,13,135
Hall,13139,179684,13,139
Hancock,13141,9429,13,141
Jasper,13159,13900,13,159
Morgan,13211,17868,13,211
Putnam,13237,21218,13,237
Haralson,13143,28780,13,143
Polk,13233,41475,13,233
Harris,13145,32024,13,145
Meriwether,13199,21992,13,199
Talbot,13263,6865,13,263
Henry,13151,203922,13,151
Houston,13153,139900,13,153
Jackson,13157,60485,13,157
Atkinson,13003,8375,13,3
Berrien,13019,19286,13,19
Clinch,13065,6798,13,65
Cook,13075,17212,13,75
Echols,13101,4034,13,101
Lanier,13173,10078,13,173
Lowndes,13185,109233,13,185
Chattahoochee,13053,11267,13,53
Macon,13193,14740,13,193
Marion,13197,8742,13,197
Schley,13249,5010,13,249
Stewart,13259,6058,13,259
Sumter,13261,32819,13,261
Taylor,13269,8906,13,269
Webster,13307,2799,13,307
Muscogee,13215,189885,13,215
Newton,13217,99958,13,217
Paulding,13223,142324,13,223
Richmond,13245,200549,13,245
Rockdale,13247,85215,13,247
Spalding,13255,64073,13,255
Greene,13133,15994,13,133
Lincoln,13181,7996,13,181
McDuffie,13189,21875,13,189
Ogelthorpe,13221,14899,13,221
Taliaferro,13265,1717,13,265
Warren ,13301,5834,13,301
Wilkes,13317,10593,13,317
Tift,13277,40118,13,277
Worth,13321,21679,13,321
Troup,13285,67044,13,285
Walton,13297,83768,13,297
Baldwin,13009,45720,13,9
Glascock,13125,3082,13,125
Jefferson,13163,16930,13,163
Johnson,13167,9980,13,167
Jones,13169,28669,13,169
Washington,13303,21187,13,303
Wilkinson,13319,9563,13,319
Laurens,13175,48434,13,175
Montgomery,13209,9123,13,209
Telfair,13271,16500,13,271
Treutlen,13283,6885,13,283
Wheeler,13309,7421,13,309
Whitfield,13313,102599,13,313
Hawaii (county),15001,185079,15,1
Honolulu,15003,953207,15,3
Kalawao,15005,90,15,5
Maui,15009,154834,15,9
Kauai,15007,67091,15,7
Ada,16001,392365,16,1
Bannock,16005,82839,16,5
Bear Lake,16007,5986,16,7
Caribou,16029,6963,16,29
Franklin,16041,12786,16,41
Benewah,16009,9285,16,9
Latah,16057,37244,16,57
Nez Perce,16069,39265,16,69
Bingham,16011,45607,16,11
Oneida,16071,4286,16,71
Power,16077,7817,16,77
Boise,16015,7028,16,15
Gem,16045,16719,16,45
Payette,16075,22623,16,75
Washington,16087,10198,16,87
Bonner,16017,40877,16,17
Boundary,16021,10972,16,21
Shoshone,16079,12765,16,79
Bonneville,16019,104234,16,19
Canyon,16027,188923,16,27
Adams,16003,3976,16,3
Clearwater,16035,8761,16,35
Custer,16037,4368,16,37
Idaho (county),16049,16267,16,49
Lemhi,16059,7936,16,59
Lewis,16061,3821,16,61
Valley,16085,9862,16,85
Elmore,16039,27038,16,39
Gooding,16047,15464,16,47
Owyhee,16073,11526,16,73
Butte,16023,2891,16,23
Clark,16033,982,16,33
Fremont,16043,13242,16,43
Jefferson,16051,26140,16,51
Madison,16065,37536,16,65
Teton,16081,10170,16,81
Kootenai,16055,138494,16,55
Blaine,16013,21376,16,13
Camas,16025,1117,16,25
Cassia,16031,22952,16,31
Jerome,16053,22374,16,53
Lincoln,16063,5208,16,63
Minidoka,16067,20069,16,67
Twin Falls,16083,77230,16,83
Adams,17001,67103,17,1
Bond,17005,17768,17,5
Effingham,17049,34242,17,49
Fayette,17051,22140,17,51
Boone,17007,54165,17,7
Brown,17009,6937,17,9
Calhoun,17013,5089,17,13
Cass,17017,13642,17,17
Pike,17149,16430,17,149
Schuyler ,17169,7544,17,169
Scott,17171,5355,17,171
Bureau,17011,34978,17,11
Marshall,17123,12640,17,123
Putnam,17155,6006,17,155
Stark,17175,5994,17,175
Carroll,17015,15387,17,15
Jo Daviess,17085,22678,17,85
Stephenson,17177,47711,17,177
Champaign,17019,201081,17,19
Christian,17021,34800,17,21
Shelby,17173,22363,17,173
Clark,17023,16335,17,23
Crawford,17033,19817,17,33
Cumberland,17035,11048,17,35
Jasper,17079,9698,17,79
Clay,17025,13815,17,25
Hamilton,17065,8457,17,65
Wayne,17191,16760,17,191
White,17193,14665,17,193
Clinton,17027,37762,17,27
Marion,17121,39437,17,121
Coles,17029,53873,17,29
Cook,17031,5194675,17,31
DeKalb,17037,105160,17,37
De Witt,17039,16561,17,39
Logan,17107,30305,17,107
Mason,17125,14666,17,125
Menard,17129,12705,17,129
Douglas,17041,19980,17,41
Edgar,17045,18576,17,45
Moultrie,17139,14846,17,139
Piatt ,17147,16729,17,147
DuPage,17043,916924,17,43
Edwards,17047,6721,17,47
Lawrence,17101,16833,17,101
Richland,17159,16233,17,159
Wabash,17185,11947,17,185
Ford,17053,14081,17,53
Iroquois,17075,29718,17,75
Livingston,17105,38950,17,105
Franklin,17055,39561,17,55
Gallatin,17059,5589,17,59
Saline,17165,24913,17,165
Fulton,17057,37069,17,57
McDonough,17109,32612,17,109
Greene,17061,13886,17,61
Jersey,17083,22985,17,83
Morgan,17137,35547,17,137
Grundy,17063,50063,17,63
Hancock,17067,19104,17,67
Henderson,17071,7331,17,71
Mercer,17131,16434,17,131
Warren,17187,17707,17,187
Henry,17073,50486,17,73
Jackson,17077,60218,17,77
Jefferson,17081,38827,17,81
Washington,17189,14716,17,189
Kane,17089,515269,17,89
Kankakee,17091,113449,17,91
Kendall,17093,114736,17,93
Knox,17095,52919,17,95
Lake,17097,703462,17,97
La Salle,17099,113924,17,99
Lee,17103,36031,17,103
Whiteside,17195,58498,17,195
McHenry,17111,308760,17,111
McLean,17113,169572,17,113
Macon,17115,110768,17,115
Macoupin,17117,47765,17,117
Montgomery,17135,30104,17,135
Madison,17119,269282,17,119
Monroe,17133,32957,17,133
St. Clair,17163,270056,17,163
Ogle,17141,53497,17,141
Peoria,17143,186494,17,143
Woodford,17203,38664,17,203
Perry,17145,22350,17,145
Randolph,17157,33476,17,157
Rock Island,17161,147546,17,161
Sangamon,17167,197465,17,167
Alexander,17003,8238,17,3
Hardin,17069,4320,17,69
Johnson,17087,12582,17,87
Massac,17127,15429,17,127
Pope,17151,4470,17,151
Pulaski,17153,6161,17,153
Union,17181,17808,17,181
Tazewell,17179,135394,17,179
Vermilion,17183,81625,17,183
Will,17197,677560,17,197
Williamson,17199,66357,17,199
Winnebago,17201,295266,17,201
Adams,18001,34387,18,1
Wells,18179,27636,18,179
Allen,18003,355329,18,3
Bartholomew,18005,76794,18,5
Brown,18013,15242,18,13
Benton,18007,8854,18,7
Jasper,18073,33478,18,73
Newton,18111,14244,18,111
Blackford,18009,12766,18,9
Jay,18075,21253,18,75
Randolph,18135,26171,18,135
Boone,18011,56640,18,11
Carroll,18015,20155,18,15
Clinton,18023,33224,18,23
Cass,18017,38966,18,17
White,18181,24643,18,181
Clark,18019,110232,18,19
Scott,18143,24181,18,143
Clay,18021,26890,18,21
Sullivan,18153,21475,18,153
Vermillion,18165,16212,18,165
Vigo,18167,107848,18,167
Crawford,18025,10713,18,25
Harrison,18061,39364,18,61
Perry,18123,19338,18,123
Daviess,18027,31648,18,27
Knox,18083,38440,18,83
Martin,18101,10334,18,101
Dearborn,18029,50047,18,29
Ohio,18115,6128,18,115
Ripley,18137,28818,18,137
Switzerland,18155,10613,18,155
Decatur,18031,25740,18,31
Shelby,18145,44436,18,145
DeKalb,18033,42223,18,33
Steuben,18151,34185,18,151
Delaware,18035,117671,18,35
Dubois,18037,41889,18,37
Pike,18125,12845,18,125
Spencer,18147,20952,18,147
Elkhart,18039,197559,18,39
Fayette,18041,24277,18,41
Franklin,18047,23087,18,47
Union,18161,7516,18,161
Floyd,18043,74578,18,43
Fountain,18045,17240,18,45
Montgomery,18107,38124,18,107
Warren,18171,8508,18,171
Fulton,18049,20836,18,49
Miami,18103,36903,18,103
Wabash,18169,32888,18,169
Gibson,18051,33503,18,51
Posey,18129,25910,18,129
Grant,18053,70061,18,53
Greene,18055,33165,18,55
Owen,18119,21575,18,119
Parke,18121,17339,18,121
Putnam,18133,37963,18,133
Hamilton,18057,274569,18,57
Hancock,18059,70002,18,59
Hendricks,18063,145448,18,63
Henry,18065,49462,18,65
Rush,18139,17392,18,139
Howard,18067,82752,18,67
Tipton,18159,15936,18,159
Huntington,18069,37124,18,69
Whitley,18183,33292,18,183
Jackson,18071,42376,18,71
Washington,18175,28262,18,175
Jennings,18079,28525,18,79
Jefferson,18077,32428,18,77
Johnson,18081,139654,18,81
Kosciusko,18085,77358,18,85
LaGrange,18087,37128,18,87
Noble,18113,47536,18,113
Lake,18089,496005,18,89
LaPorte,18091,111467,18,91
Lawrence,18093,46134,18,93
Orange,18117,19840,18,117
Madison,18095,131636,18,95
Marion,18097,903393,18,97
Marshall,18099,47051,18,99
Pulaski,18131,13402,18,131
Starke,18149,23363,18,149
Monroe,18105,137974,18,105
Morgan,18109,68894,18,109
Porter,18127,164343,18,127
St. Joseph,18141,266931,18,141
Tippecanoe,18157,172780,18,157
Vanderburgh,18163,179703,18,163
Warrick,18173,59689,18,173
Wayne,18177,68917,18,177
Allamakee,19005,14330,19,5
Clayton,19043,18129,19,43
Winneshiek,19191,21056,19,191
Adair,19001,7682,19,1
Audubon,19009,6119,19,9
Cass,19029,13956,19,29
Guthrie,19077,10954,19,77
Shelby,19165,12167,19,165
Benton,19011,26076,19,11
Iowa (county),19095,16355,19,95
Keokuk,19107,10511,19,107
Washington,19183,21704,19,183
Black Hawk,19013,131090,19,13
Boone,19015,26306,19,15
Carroll,19027,20816,19,27
Greene,19073,9336,19,73
Bremer,19017,24276,19,17
Butler,19023,14867,19,23
Grundy,19075,12453,19,75
Buchanan,19019,20958,19,19
Delaware,19055,17764,19,55
Fayette,19065,20880,19,65
Cedar,19031,18499,19,31
Clinton,19045,49116,19,45
Jackson,19097,19848,19,97
Jones,19105,20638,19,105
Cerro Gordo,19033,44151,19,33
Hancock,19081,11341,19,81
Winnebago,19189,10866,19,189
Dallas,19049,66135,19,49
Davis,19051,8753,19,51
Jefferson,19101,16843,19,101
Van Buren,19177,7570,19,177
Wapello,19179,35625,19,179
Des Moines,19057,40325,19,57
Henry,19087,20145,19,87
Lee,19111,35862,19,111
Dubuque,19061,93653,19,61
Franklin,19069,10680,19,69
Hamilton,19079,15673,19,79
Hardin,19083,17534,19,83
Wright,19197,13229,19,197
Fremont,19071,7441,19,71
Harrison,19085,14928,19,85
Mills,19129,15059,19,129
Pottawattamie,19155,93158,19,155
Jasper,19099,36842,19,99
Poweshiek,19157,18914,19,157
Johnson,19103,130882,19,103
Linn,19113,211226,19,113
Louisa,19115,11387,19,115
Muscatine,19139,42745,19,139
Appanoose,19007,12887,19,7
Clarke,19039,9286,19,39
Decatur,19053,8457,19,53
Lucas,19117,8898,19,117
Monroe,19135,7970,19,135
Wayne,19185,6403,19,185
Lyon,19119,11581,19,119
O'Brien,19141,14398,19,141
Osceola,19143,6462,19,143
Sioux,19167,33704,19,167
Madison,19121,15679,19,121
Warren,19181,46225,19,181
Mahaska,19123,22381,19,123
Marion,19125,33309,19,125
Marshall,19127,40648,19,127
Tama,19171,17767,19,171
Chickasaw,19037,12439,19,37
Floyd,19067,16303,19,67
Howard,19089,9566,19,89
Mitchell,19131,10776,19,131
Worth,19195,7598,19,195
Clay,19041,16667,19,41
Dickinson,19059,16667,19,59
Emmet,19063,10302,19,63
Kossuth,19109,15543,19,109
Palo Alto,19147,9421,19,147
Buena Vista,19021,20260,19,21
Calhoun,19025,9670,19,25
Humboldt,19091,9815,19,91
Pocahontas,19151,7310,19,151
Sac,19161,10350,19,161
Webster,19187,38013,19,187
Polk,19153,430640,19,153
Scott,19163,165224,19,163
Story,19169,89542,19,169
Adams,19003,4029,19,3
Montgomery,19137,10740,19,137
Page,19145,15932,19,145
Ringgold,19159,5131,19,159
Taylor,19173,6317,19,173
Union,19175,12534,19,175
Cherokee,19035,12072,19,35
Crawford,19047,17096,19,47
Ida,19093,7089,19,93
Monona,19133,9243,19,133
Plymouth ,19149,24986,19,149
Woodbury,19193,102172,19,193
Allen,20001,13371,20,1
Anderson,20003,8102,20,3
Franklin,20059,25992,20,59
Osage,20139,16295,20,139
Bourbon,20011,15173,20,11
Linn,20107,9656,20,107
Miami,20121,32787,20,121
Atchison,20005,16924,20,5
Brown,20013,9984,20,13
Doniphan,20043,7945,20,43
Jackson,20085,13462,20,85
Jefferson,20087,19126,20,87
Marshall,20117,10117,20,117
Nemaha,20131,10178,20,131
Butler,20015,65880,20,15
Harvey,20079,34684,20,79
Barton,20009,27674,20,9
Ellis,20051,28452,20,51
Ellsworth,20053,6497,20,53
McPherson,20113,29180,20,113
Rice,20159,10083,20,159
Russell,20167,6970,20,167
Chase,20017,2790,20,17
Coffey,20031,8601,20,31
Lyon,20111,33690,20,111
Marion,20115,12660,20,115
Cherokee,20021,21603,20,21
Crawford,20037,39134,20,37
Clay,20027,8535,20,27
Cloud,20029,9533,20,29
Jewell,20089,3077,20,89
Lincoln,20105,3241,20,105
Mitchell,20123,6373,20,123
Osborne,20141,3858,20,141
Ottawa,20143,6091,20,143
Republic,20157,4980,20,157
Smith,20183,3853,20,183
Washington,20201,5799,20,201
Dickinson,20041,19754,20,41
Geary,20061,34362,20,61
Morris,20127,5923,20,127
Douglas,20045,110826,20,45
Chautauqua,20019,3669,20,19
Cowley,20035,36311,20,35
Elk,20049,2882,20,49
Greenwood,20073,6689,20,73
Wilson,20205,9409,20,205
Woodson,20207,3309,20,207
Johnson,20091,544179,20,91
Labette,20099,21607,20,99
Montgomery,20125,35471,20,125
Neosho,20133,16512,20,133
Leavenworth,20103,76227,20,103
Cheyenne,20023,2726,20,23
Decatur,20039,2961,20,39
Gove,20063,2695,20,63
Graham,20065,2597,20,65
Logan,20109,2756,20,109
Norton,20137,5671,20,137
Phillips,20147,5642,20,147
Rawlins,20153,2519,20,153
Rooks,20163,5181,20,163
Sheridan,20179,2556,20,179
Sherman,20181,6010,20,181
Thomas,20193,7900,20,193
Trego,20195,3001,20,195
Wallace,20199,1485,20,199
Clark,20025,2215,20,25
Comanche,20033,1891,20,33
Edwards,20047,3037,20,47
Ford,20057,33848,20,57
Hodgman,20083,1916,20,83
Kiowa,20097,2553,20,97
Ness,20135,3107,20,135
Pawnee,20145,6973,20,145
Rush,20165,3307,20,165
Pottawatomie,20149,21604,20,149
Riley,20161,71115,20,161
Wabaunsee,20197,7053,20,197
Reno,20155,64511,20,155
Saline,20169,55606,20,169
Finney,20055,36776,20,55
Greeley,20071,1247,20,71
Hamilton,20075,2690,20,75
Kearny,20093,3977,20,93
Lane,20101,1750,20,101
Scott,20171,4936,20,171
Wichita,20203,2234,20,203
Sedgwick,20173,498365,20,173
Shawnee,20177,177934,20,177
Barber,20007,4861,20,7
Harper,20077,6034,20,77
Kingman,20095,7858,20,95
Pratt,20151,9656,20,151
Stafford,20185,4437,20,185
Sumner,20191,24132,20,191
Grant,20067,7829,20,67
Gray,20069,6006,20,69
Haskell,20081,4256,20,81
Meade,20119,4575,20,119
Morton,20129,3233,20,129
Seward,20175,22952,20,175
Stanton,20187,2235,20,187
Stevens,20189,5724,20,189
Wyandotte,20209,157505,20,209
Adair,21001,18656,21,1
Casey,21045,15955,21,45
Green,21087,11258,21,87
Russell,21207,17565,21,207
Taylor,21217,24512,21,217
Anderson,21005,21421,21,5
Franklin,21073,49285,21,73
Allen,21003,19956,21,3
Barren,21009,42173,21,9
Hart,21099,18199,21,99
Metcalfe,21169,10099,21,169
Monroe,21171,10963,21,171
Bath,21011,11591,21,11
Clark,21049,35613,21,49
Montgomery,21173,26499,21,173
Rowan,21205,23333,21,205
Bell,21013,28691,21,13
Harlan,21095,29278,21,95
Boone,21015,118811,21,15
Bourbon,21017,19985,21,17
Fleming,21069,14348,21,69
Lewis,21135,13870,21,135
Nicholas,21181,7135,21,181
Boyd,21019,49542,21,19
Carter,21043,27720,21,43
Greenup,21089,36910,21,89
Boyle,21021,28432,21,21
Lincoln,21137,24742,21,137
Mercer,21167,21331,21,167
Bracken,21023,8488,21,23
Harrison,21097,18846,21,97
Mason,21161,17490,21,161
Pendleton,21191,14877,21,191
Robertson,21201,2282,21,201
Breckinridge,21027,20059,21,27
Grayson,21085,25746,21,85
Hancock,21091,8565,21,91
Meade,21163,28602,21,163
Bullitt,21029,74319,21,29
Spencer,21215,17061,21,215
Butler,21031,12690,21,31
McLean,21149,9531,21,149
Muhlenberg,21177,31499,21,177
Ohio,21183,23842,21,183
Calloway,21035,37191,21,35
Marshall,21157,31448,21,157
Campbell,21037,90336,21,37
Christian,21047,73955,21,47
Clay,21051,21730,21,51
Jackson,21109,13494,21,109
Leslie,21131,11310,21,131
Owsley,21189,4755,21,189
Clinton,21053,10272,21,53
Cumberland,21057,6856,21,57
McCreary,21147,18306,21,147
Wayne,21231,20813,21,231
Daviess,21059,96656,21,59
Edmonson,21061,12161,21,61
Warren,21227,113792,21,227
Elliott,21063,7852,21,63
Johnson,21115,23356,21,115
Lawrence,21127,15860,21,127
Magoffin,21153,13333,21,153
Estill,21065,14672,21,65
Madison,21151,82916,21,151
Rockcastle,21203,17056,21,203
Fayette,21067,295803,21,67
Floyd,21071,39451,21,71
Martin,21159,12929,21,159
Garrard,21079,16912,21,79
Jessamine,21113,48586,21,113
Hardin,21093,105543,21,93
Larue,21123,14193,21,123
Henderson,21101,46250,21,101
Union,21225,15007,21,225
Henry,21103,15416,21,103
Shelby,21211,42074,21,211
Hopkins,21107,46920,21,107
Webster,21233,13621,21,233
Jefferson,21111,741096,21,111
Kenton,21117,159720,21,117
Knott,21119,16346,21,119
Letcher,21133,24519,21,133
Perry,21193,28712,21,193
Knox,21121,31883,21,121
Whitley,21235,35637,21,235
Laurel,21125,58849,21,125
Logan,21141,26835,21,141
Simpson,21213,17327,21,213
Todd,21219,12460,21,219
Caldwell,21033,12984,21,33
Crittenden,21055,9315,21,55
Livingston,21139,9519,21,139
Lyon,21143,8314,21,143
Trigg,21221,14339,21,221
McCracken,21145,65565,21,145
Marion,21155,19820,21,155
Nelson,21179,43437,21,179
Washington,21229,11717,21,229
Oldham,21185,60316,21,185
Carroll,21041,10811,21,41
Gallatin,21077,8589,21,77
Grant,21081,24662,21,81
Owen,21187,10841,21,187
Trimble,21223,8809,21,223
Pike,21195,65024,21,195
Pulaski,21199,63063,21,199
Scott,21209,47173,21,209
Woodford,21239,24939,21,239
Ballard,21007,8249,21,7
Carlisle,21039,5104,21,39
Fulton,21075,6813,21,75
Graves,21083,37121,21,83
Hickman,21105,4902,21,105
Breathitt,21025,13878,21,25
Lee,21129,7887,21,129
Menifee,21165,6306,21,165
Morgan,21175,13923,21,175
Powell,21197,12613,21,197
Wolfe,21237,7355,21,237
Acadia ,22001,61773,22,1
Jefferson Davis ,22053,31594,22,53
Allen,22003,25764,22,3
Evangeline,22039,33984,22,39
Ascension ,22005,107215,22,5
Assumption,22007,23421,22,7
St. James,22093,22102,22,93
St. John the Baptist,22095,45924,22,95
Avoyelles,22009,42073,22,9
East Feliciana,22037,20267,22,37
Pointe Coupee,22077,22802,22,77
West Feliciana,22125,15625,22,125
Beauregard ,22011,35654,22,11
Vernon ,22115,52334,22,115
Bienville,22013,14353,22,13
Natchitoches,22069,39566,22,69
Red River,22081,9091,22,81
Bossier,22015,116979,22,15
Caddo ,22017,254969,22,17
Calcasieu ,22019,192768,22,19
Cameron ,22023,6839,22,23
Vermilion ,22113,57999,22,113
Caldwell ,22021,10132,22,21
Catahoula ,22025,10407,22,25
Concordia ,22029,20822,22,29
La Salle ,22059,14890,22,59
Tensas ,22107,5252,22,107
Claiborne,22027,17195,22,27
Webster,22119,41207,22,119
De Soto,22031,26656,22,31
Sabine,22085,24233,22,85
East Baton Rouge,22033,440171,22,33
Grant,22043,22309,22,43
Jackson,22049,16274,22,49
Winn,22127,15313,22,127
Iberia ,22045,73240,22,45
Iberville,22047,33387,22,47
West Baton Rouge,22121,23788,22,121
Jefferson ,22051,432552,22,51
Lafayette ,22055,221578,22,55
Lafourche ,22057,96318,22,57
Lincoln,22061,46735,22,61
Union,22111,22721,22,111
Livingston ,22063,128026,22,63
East Carroll ,22035,7759,22,35
Franklin ,22041,20767,22,41
Madison ,22065,12093,22,65
Morehouse ,22067,27979,22,67
Richland ,22083,20725,22,83
West Carroll ,22123,11604,22,123
Orleans ,22071,343829,22,71
Ouachita ,22073,153720,22,73
Plaquemines,22075,23042,22,75
St. Bernard,22087,35897,22,87
Rapides,22079,131613,22,79
St. Charles,22089,52780,22,89
St. Helena ,22091,11203,22,91
Tangipahoa ,22105,121097,22,105
Washington ,22117,47168,22,117
St. Landry,22097,83384,22,97
St. Martin,22099,52160,22,99
St. Mary ,22101,54650,22,101
St. Tammany ,22103,233740,22,103
Terrebonne ,22109,111860,22,109
Androscoggin,23001,107702,23,1
Aroostook,23003,71870,23,3
Cumberland,23005,281674,23,5
Franklin,23007,30768,23,7
Oxford,23017,57833,23,17
Hancock,23009,54418,23,9
Washington,23029,32856,23,29
Kennebec,23011,122151,23,11
Knox,23013,39736,23,13
Waldo,23027,38786,23,27
Lincoln,23015,34457,23,15
Sagadahoc,23023,35293,23,23
Penobscot,23019,153923,23,19
Piscataquis,23021,17535,23,21
Somerset,23025,52228,23,25
York,23031,197131,23,31
Allegany,24001,75087,24,1
Garrett,24023,30097,24,23
Anne Arundel,24003,537656,24,3
Baltimore (city),24510,620961,24,510
Baltimore (county),24005,805029,24,5
Calvert,24009,88737,24,9
Caroline,24011,33066,24,11
Dorchester,24019,32618,24,19
Talbot,24041,37782,24,41
Carroll,24013,167134,24,13
Cecil,24015,101108,24,15
Charles,24017,146551,24,17
Frederick,24021,233385,24,21
Harford,24025,244826,24,25
Howard,24027,287085,24,27
Kent,24029,20197,24,29
Queen Anne's,24035,47798,24,35
Montgomery,24031,971777,24,31
Prince George's,24033,863420,24,33
St. Mary's,24037,105151,24,37
Somerset,24039,26470,24,39
Worcester,24047,51454,24,47
Washington,24043,147430,24,43
Wicomico,24045,98733,24,45
Barnstable,25001,215888,25,1
Dukes,25007,16535,25,7
Nantucket,25019,10172,25,19
Berkshire,25003,131219,25,3
Bristol,25005,548285,25,5
Essex,25009,743159,25,9
Franklin,25011,71372,25,11
Hampden,25013,463490,25,13
Hampshire,25015,158080,25,15
Middlesex,25017,1503085,25,17
Norfolk,25021,670850,25,21
Plymouth,25023,494919,25,23
Suffolk,25025,722023,25,25
Worcester,25027,798552,25,27
Alcona,26001,10942,26,1
Alpena,26007,29598,26,7
Presque Isle,26141,13376,26,141
Alger,26003,9601,26,3
Delta,26041,37069,26,41
Schoolcraft,26153,8485,26,153
Allegan,26005,111408,26,5
Antrim,26009,23580,26,9
Charlevoix,26029,25949,26,29
Kalkaska,26079,17153,26,79
Otsego,26137,24164,26,137
Arenac,26011,15899,26,11
Iosco,26069,25887,26,69
Ogemaw,26129,21699,26,129
Barry,26015,59173,26,15
Bay,26017,107771,26,17
Benzie,26019,17525,26,19
Manistee,26101,24733,26,101
Mason,26105,28705,26,105
Berrien,26021,156813,26,21
Branch,26023,45248,26,23
Hillsdale,26059,46688,26,59
Calhoun,26025,136146,26,25
Cass,26027,52293,26,27
Cheboygan,26031,26152,26,31
Emmet,26047,32694,26,47
Chippewa,26033,38520,26,33
Luce,26095,6631,26,95
Mackinac,26097,11113,26,97
Clare,26035,30926,26,35
Gladwin,26051,25692,26,51
Clinton,26037,75382,26,37
Crawford,26039,14074,26,39
Montmorency,26119,9765,26,119
Oscoda,26135,8640,26,135
Roscommon,26143,24449,26,143
Dickinson,26043,26168,26,43
Iron,26071,11817,26,71
Menominee,26109,24029,26,109
Eaton,26045,107759,26,45
Genesee,26049,425790,26,49
Grand Traverse,26055,86986,26,55
Leelanau,26089,21708,26,89
Gratiot,26057,42476,26,57
Isabella,26073,70311,26,73
Huron,26063,33118,26,63
Sanilac,26151,43114,26,151
Ingham,26065,280895,26,65
Ionia,26067,63905,26,67
Jackson,26075,160248,26,75
Kalamazoo,26077,250331,26,77
Kent,26081,602622,26,81
Lake,26085,11539,26,85
Missaukee,26113,14849,26,113
Wexford,26165,32735,26,165
Lapeer,26087,88319,26,87
Lenawee,26091,99892,26,91
Livingston,26093,180967,26,93
Macomb,26099,840978,26,99
Marquette,26103,67077,26,103
Mecosta,26107,42798,26,107
Osceola,26133,23528,26,133
Midland,26111,83629,26,111
Monroe,26115,152021,26,115
Montcalm,26117,63342,26,117
Muskegon,26121,172188,26,121
Newaygo,26123,48460,26,123
Oceana,26127,26570,26,127
Baraga,26013,8860,26,13
Gogebic,26053,16427,26,53
Houghton,26061,36628,26,61
Keweenaw,26083,2156,26,83
Ontonagon,26131,6780,26,131
Oakland,26125,1202362,26,125
Ottawa,26139,263801,26,139
Saginaw,26145,200169,26,145
St. Clair,26147,163040,26,147
St. Joseph,26149,61295,26,149
Shiawassee,26155,70648,26,155
Tuscola,26157,55729,26,157
Van Buren,26159,76258,26,159
Washtenaw,26161,344791,26,161
Wayne,26163,1820584,26,163
Aitkin,27001,16202,27,1
Itasca,27061,45058,27,61
Anoka,27003,330844,27,3
Becker,27005,32504,27,5
Hubbard,27057,20428,27,57
Mahnomen,27087,5413,27,87
Norman,27107,6852,27,107
Beltrami,27007,44442,27,7
Clearwater,27029,8695,27,29
Benton,27009,38451,27,9
Stearns,27145,150642,27,145
Blue Earth,27013,64013,27,13
Faribault,27043,14553,27,43
Martin,27091,20840,27,91
Watonwan,27165,11211,27,165
Brown,27015,25893,27,15
Le Sueur,27079,27703,27,79
Nicollet,27103,32727,27,103
Carver,27019,91042,27,19
Cass,27021,28567,27,21
Crow Wing,27035,62500,27,35
Chisago,27025,53887,27,25
Isanti,27059,37816,27,59
Clay,27027,58999,27,27
Dakota,27037,398552,27,37
Dodge,27039,20087,27,39
Steele,27147,36576,27,147
Waseca,27161,19136,27,161
Douglas,27041,36009,27,41
Morrison,27097,33198,27,97
Todd,27153,24895,27,153
Fillmore,27045,20866,27,45
Houston,27055,19027,27,55
Winona,27169,51461,27,169
Freeborn,27047,31255,27,47
Mower,27099,39163,27,99
Goodhue,27049,46183,27,49
Wabasha,27157,21676,27,157
Hennepin,27053,1152425,27,53
Kanabec,27065,16239,27,65
Mille Lacs,27095,26097,27,95
Pine,27115,29750,27,115
Kandiyohi,27067,42239,27,67
Renville,27129,15730,27,129
McLeod,27085,36651,27,85
Meeker,27093,23300,27,93
Sibley,27143,15226,27,143
Kittson,27069,4552,27,69
Lake of the Woods,27077,4045,27,77
Marshall,27089,9439,27,89
Pennington,27113,13930,27,113
Polk,27119,31600,27,119
Red Lake,27125,4089,27,125
Roseau,27135,15629,27,135
Olmsted,27109,144248,27,109
Otter Tail,27111,57303,27,111
Wadena,27159,13843,27,159
Wilkin,27167,6576,27,167
Ramsey,27123,508640,27,123
Rice,27131,64142,27,131
Carlton,27017,35386,27,17
Cook,27031,5176,27,31
Koochiching,27071,13311,27,71
Lake,27075,10866,27,75
St. Louis,27137,200226,27,137
Scott,27139,129928,27,139
Sherburne,27141,88499,27,141
Cottonwood,27033,11687,27,33
Jackson,27063,10266,27,63
Murray,27101,8725,27,101
Nobles,27105,21378,27,105
Pipestone,27117,9596,27,117
Rock,27133,9687,27,133
Big Stone,27011,5269,27,11
Chippewa,27023,12441,27,23
Grant,27051,6018,27,51
Pope,27121,10995,27,121
Stevens,27149,9726,27,149
Swift,27151,9783,27,151
Traverse,27155,3558,27,155
Washington,27163,238136,27,163
Wright,27171,124700,27,171
Lac Qui Parle,27073,7259,27,73
Lincoln,27081,5896,27,81
Lyon,27083,25857,27,83
Redwood,27127,16059,27,127
Yellow Medicine,27173,10438,27,173
Adams,28001,32297,28,1
Amite,28005,13131,28,5
Wilkinson,28157,9878,28,157
Alcorn,28003,37057,28,3
Prentiss,28117,25276,28,117
Tishomingo,28141,19593,28,141
Attala,28007,19564,28,7
Choctaw,28019,8547,28,19
Leake,28079,23805,28,79
Webster,28155,10253,28,155
Benton,28009,8729,28,9
Marshall,28093,37144,28,93
Tippah,28139,22232,28,139
Bolivar,28011,34145,28,11
Sunflower,28133,29450,28,133
Calhoun,28013,14962,28,13
Chickasaw,28017,17392,28,17
Grenada,28043,21906,28,43
Carroll,28015,10597,28,15
Leflore,28083,32317,28,83
Montgomery,28097,10925,28,97
Claiborne,28021,9604,28,21
Jefferson,28063,7726,28,63
Warren,28149,48773,28,149
Clarke,28023,16732,28,23
Jasper,28061,17062,28,61
Wayne,28153,20747,28,153
Clay,28025,20634,28,25
Oktibbeha,28105,47671,28,105
Coahoma,28027,26151,28,27
Quitman,28119,8223,28,119
Tallahatchie,28135,15378,28,135
Tunica,28143,10778,28,143
Copiah,28029,29449,28,29
Franklin,28037,8118,28,37
Lincoln,28085,34869,28,85
Covington,28031,19568,28,31
Simpson,28127,27503,28,127
Smith,28129,16491,28,129
De Soto,28033,161252,28,33
Forrest,28035,74934,28,35
George,28039,22578,28,39
Greene,28041,14400,28,41
Perry,28111,12250,28,111
Stone,28131,17786,28,131
Hancock,28045,43929,28,45
Harrison,28047,187105,28,47
Hinds,28049,245285,28,49
Itawamba,28057,23401,28,57
Monroe,28095,36989,28,95
Jackson,28059,139668,28,59
Jefferson Davis,28065,12487,28,65
Lawrence,28077,12929,28,77
Marion,28091,27088,28,91
Jones,28067,67761,28,67
Kemper,28069,10456,28,69
Neshoba,28099,29676,28,99
Noxubee,28103,11545,28,103
Winston,28159,19198,28,159
Lafayette,28071,47351,28,71
Yalobusha,28161,12678,28,161
Lamar,28073,55658,28,73
Lauderdale,28075,80261,28,75
Newton,28101,21720,28,101
Lee,28081,82910,28,81
Lowndes,28087,59779,28,87
Madison,28089,95203,28,89
Panola,28107,34707,28,107
Tate,28137,28886,28,137
Pearl River,28109,55834,28,109
Pike,28113,40404,28,113
Walthall,28147,15443,28,147
Pontotoc,28115,29957,28,115
Union,28145,27134,28,145
Rankin,28121,141617,28,121
Scott,28123,28264,28,123
Washington,28151,51137,28,151
Holmes,28051,19198,28,51
Humphreys,28053,9375,28,53
Issaquena,28055,1406,28,55
Sharkey,28125,4916,28,125
Yazoo,28163,28065,28,163
Andrew,29003,17291,29,3
Atchison,29005,5685,29,5
Holt,29087,4912,29,87
Nodaway,29147,23370,29,147
Audrain,29007,25529,29,7
Callaway,29027,44332,29,27
Barry,29009,35597,29,9
Lawrence,29109,38634,29,109
McDonald,29119,23083,29,119
Benton,29015,19056,29,15
Henry,29083,22272,29,83
St. Clair,29185,9805,29,185
Bollinger,29017,12363,29,17
Madison,29123,12226,29,123
Stoddard,29207,29968,29,207
Wayne,29223,13521,29,223
Boone,29019,162642,29,19
Buchanan,29021,89201,29,21
Butler,29023,42794,29,23
Carter,29035,6265,29,35
Ripley,29181,14100,29,181
Camden,29029,44002,29,29
Miller,29131,24748,29,131
Moniteau,29135,15607,29,135
Morgan,29141,20565,29,141
Cape Girardeau,29031,75674,29,31
Perry,29157,18971,29,157
Carroll,29033,9295,29,33
Lafayette,29107,33381,29,107
Ray,29177,23494,29,177
Cass,29037,99478,29,37
Christian,29043,77422,29,43
Clay,29047,221939,29,47
Cole,29051,75990,29,51
Crawford,29055,24696,29,55
Iron,29093,10630,29,93
Reynolds,29179,6696,29,179
Washington,29221,25195,29,221
Dallas,29059,16777,29,59
Hickory,29085,9627,29,85
Polk,29167,31137,29,167
Caldwell,29025,9424,29,25
Clinton,29049,20743,29,49
Daviess,29061,8433,29,61
DeKalb,29063,12892,29,63
Gentry,29075,6738,29,75
Harrison,29081,8957,29,81
Worth,29227,2171,29,227
Dent,29065,15657,29,65
Phelps,29161,45156,29,161
Douglas,29067,13684,29,67
Ozark,29153,9723,29,153
Texas,29215,26008,29,215
Wright,29229,18815,29,229
Dunklin,29069,31953,29,69
Pemiscot,29155,18296,29,155
Franklin,29071,101492,29,71
Gasconade,29073,15222,29,73
Montgomery,29139,12236,29,139
Warren,29219,32513,29,219
Greene,29077,275174,29,77
Grundy,29079,10261,29,79
Linn,29115,12761,29,115
Livingston,29117,15195,29,117
Mercer,29129,3785,29,129
Putnam,29171,4979,29,171
Sullivan,29211,6714,29,211
Howell,29091,40400,29,91
Oregon,29149,10881,29,149
Shannon,29203,8441,29,203
Jackson,29095,674158,29,95
Jasper,29097,117404,29,97
Jefferson,29099,218733,29,99
Johnson,29101,52595,29,101
Laclede,29105,35571,29,105
Webster,29225,36202,29,225
Lincoln,29113,52566,29,113
Pike,29163,18516,29,163
Maries,29125,9176,29,125
Osage,29151,13878,29,151
Pulaski,29169,52274,29,169
Marion,29127,28781,29,127
Monroe,29137,8840,29,137
Ralls,29173,10167,29,173
Shelby,29205,6373,29,205
Mississippi,29133,14358,29,133
New Madrid,29143,18956,29,143
Scott,29201,39191,29,201
Newton,29145,58114,29,145
Pettis,29159,42201,29,159
Saline,29195,23370,29,195
Platte,29165,89322,29,165
Chariton,29041,7831,29,41
Cooper,29053,17601,29,53
Howard,29089,10144,29,89
Macon,29121,15566,29,121
Randolph,29175,25414,29,175
St. Charles,29183,360485,29,183
Ste. Genevieve,29186,18145,29,186
St. Francois,29187,65359,29,187
St. Louis (city),29510,319294,29,510
St. Louis (county),29189,998954,29,189
Adair,29001,25607,29,1
Clark,29045,7139,29,45
Knox,29103,4131,29,103
Lewis,29111,10211,29,111
Schuyler,29197,4431,29,197
Scotland,29199,4843,29,199
Stone,29209,32202,29,209
Taney,29213,51675,29,213
Barton,29011,12402,29,11
Bates,29013,17049,29,13
Cedar,29039,13982,29,39
Dade,29057,7883,29,57
Vernon,29217,21159,29,217
Beaverhead,30001,9246,30,1
Gallatin,30031,89513,30,31
Madison,30057,7691,30,57
Cascade,30013,81327,30,13
Deer Lodge,30023,9298,30,23
Granite,30039,3079,30,39
Powell,30077,7027,30,77
Ravalli,30081,40212,30,81
Silver Bow,30093,34200,30,93
Big Horn,30003,12865,30,3
Carter,30011,1160,30,11
Custer,30017,11699,30,17
Daniels,30019,1751,30,19
Dawson,30021,8966,30,21
Fallon,30025,2890,30,25
Garfield,30033,1206,30,33
McCone,30055,1734,30,55
Phillips,30071,4253,30,71
Powder River,30075,1743,30,75
Prairie,30079,1179,30,79
Richland,30083,9746,30,83
Roosevelt,30085,10425,30,85
Rosebud,30087,9233,30,87
Sheridan,30091,3384,30,91
Treasure,30103,718,30,103
Valley,30105,7369,30,105
Wibaux,30109,1017,30,109
Flathead,30029,90928,30,29
Jefferson,30043,11406,30,43
Lewis and Clark,30049,63395,30,49
Lake,30047,28746,30,47
Lincoln,30053,19687,30,53
Mineral,30061,4223,30,61
Sanders,30089,11413,30,89
Missoula,30063,109299,30,63
Blaine,30005,6491,30,5
Chouteau,30015,5813,30,15
Fergus,30027,11586,30,27
Glacier,30035,13399,30,35
Hill,30041,16096,30,41
Judith Basin,30045,2072,30,45
Liberty,30051,2339,30,51
Petroleum,30069,494,30,69
Pondera,30073,6153,30,73
Teton,30099,6073,30,99
Toole,30101,5324,30,101
Broadwater,30007,5612,30,7
Carbon,30009,10078,30,9
Golden Valley,30037,884,30,37
Meagher,30059,1891,30,59
Musselshell,30065,4538,30,65
Park,30067,15636,30,67
Stillwater,30095,9117,30,95
Sweet Grass,30097,3651,30,97
Wheatland,30107,2168,30,107
Yellowstone,30111,147972,30,111
Banner,31007,690,31,7
Cheyenne,31033,9998,31,33
Kimball,31105,3821,31,105
Morrill,31123,5042,31,123
Scotts Bluff,31157,36970,31,157
Buffalo,31019,46102,31,19
Kearney,31099,6489,31,99
Sherman,31163,3152,31,163
Burt,31021,6858,31,21
Dakota,31043,21006,31,43
Thurston,31173,6940,31,173
Washington,31177,20234,31,177
Cedar,31027,8852,31,27
Colfax,31037,10515,31,37
Cuming,31039,9139,31,39
Dixon,31051,6000,31,51
Stanton,31167,6129,31,167
Wayne,31179,9595,31,179
Dodge,31053,36691,31,53
Saunders,31155,20780,31,155
Douglas,31055,517110,31,55
Chase,31029,3966,31,29
Dawson,31047,24326,31,47
Dundy,31057,2008,31,57
Frontier,31063,2756,31,63
Gosper,31073,2044,31,73
Hayes,31085,967,31,85
Hitchcock,31087,2908,31,87
Red Willow,31145,11055,31,145
Hall,31079,58607,31,79
Howard,31093,6274,31,93
Merrick,31121,7845,31,121
Nance,31125,3735,31,125
Platte,31141,32237,31,141
Lancaster,31109,285407,31,109
Deuel,31049,1941,31,49
Keith,31101,8368,31,101
Lincoln,31111,36288,31,111
Logan,31113,763,31,113
McPherson,31117,539,31,117
Perkins,31135,2970,31,135
Arthur,31005,460,31,5
Blaine,31009,478,31,9
Box Butte,31013,11308,31,13
Brown,31017,3145,31,17
Cherry,31031,5713,31,31
Custer,31041,10939,31,41
Dawes,31045,9182,31,45
Garden,31069,2057,31,69
Grant,31075,614,31,75
Hooker,31091,736,31,91
Keya Paha,31103,824,31,103
Loup,31115,632,31,115
Rock,31149,1526,31,149
Sheridan,31161,5469,31,161
Sioux,31165,1311,31,165
Thomas,31171,647,31,171
Fillmore,31059,5890,31,59
Gage,31067,22311,31,67
Jefferson,31095,7547,31,95
Nuckolls,31129,4500,31,129
Saline,31151,14200,31,151
Thayer,31169,5228,31,169
Sarpy,31153,158840,31,153
Adams,31001,31364,31,1
Clay,31035,6542,31,35
Franklin,31061,3225,31,61
Furnas,31065,4959,31,65
Harlan,31083,3423,31,83
Phelps,31137,9188,31,137
Webster,31181,3812,31,181
Cass,31025,25241,31,25
Johnson,31097,5217,31,97
Nemaha,31127,7248,31,127
Otoe,31131,15740,31,131
Pawnee,31133,2773,31,133
Richardson,31147,8363,31,147
Antelope,31003,6685,31,3
Boone,31011,5505,31,11
Boyd,31015,2099,31,15
Garfield,31071,2049,31,71
Greeley,31077,2538,31,77
Holt,31089,10435,31,89
Knox,31107,8701,31,107
Madison,31119,34876,31,119
Pierce,31139,7266,31,139
Valley,31175,4260,31,175
Wheeler,31183,818,31,183
Butler,31023,8395,31,23
Hamilton,31081,9124,31,81
Polk,31143,5406,31,143
Seward,31159,16750,31,159
York,31185,13665,31,185
Carson City (city),32510,55274,32,510
Douglas,32005,46997,32,5
Clark,32003,1951269,32,3
Nye,32023,43946,32,23
Churchill,32001,24877,32,1
Esmeralda,32009,783,32,9
Lyon,32019,51980,32,19
Mineral,32021,4772,32,21
Storey,32029,4010,32,29
Elko,32007,48818,32,7
Eureka,32011,1987,32,11
Humboldt,32013,16528,32,13
Lander,32015,5775,32,15
Lincoln,32017,5345,32,17
Pershing,32027,6753,32,27
White Pine,32033,10030,32,33
Washoe,32031,421407,32,31
Belknap,33001,60088,33,1
Carroll,33003,47818,33,3
Cheshire,33005,77117,33,5
Coos,33007,33055,33,7
Grafton,33009,89118,33,9
Hillsborough,33011,400721,33,11
Merrimack,33013,146445,33,13
Sullivan,33019,43742,33,19
Rockingham,33015,295223,33,15
Strafford,33017,123143,33,17
Atlantic,34001,274549,34,1
Bergen,34003,905116,34,3
Burlington,34005,448734,34,5
Camden,34007,513657,34,7
Cape May,34009,97265,34,9
Cumberland,34011,156898,34,11
Essex,34013,783969,34,13
Gloucester,34015,288288,34,15
Hudson,34017,634266,34,17
Hunterdon,34019,128349,34,19
Mercer,34021,366513,34,21
Middlesex,34023,809858,34,23
Monmouth,34025,630380,34,25
Morris,34027,492276,34,27
Ocean,34029,576567,34,29
Passaic,34031,501226,34,31
Salem,34033,66083,34,33
Somerset,34035,323444,34,35
Sussex,34037,149265,34,37
Union,34039,536499,34,39
Warren,34041,108692,34,41
Bernalillo,35001,662564,35,1
Catron,35003,3725,35,3
Cibola,35006,27213,35,6
Sierra,35051,11988,35,51
Socorro,35053,17866,35,53
Chaves,35005,65645,35,5
Curry,35009,48376,35,9
Roosevelt,35041,19846,35,41
Do√±a Ana,35013,209233,35,13
Eddy,35015,53829,35,15
Grant,35017,29514,35,17
Hidalgo,35023,4894,35,23
Luna,35029,25095,35,29
De Baca,35011,2022,35,11
Guadalupe,35019,4687,35,19
Lincoln,35027,20497,35,27
Quay,35037,9041,35,37
Torrance,35057,16383,35,57
Lea,35025,64727,35,25
Los Alamos,35028,17950,35,28
Santa Fe,35049,144170,35,49
McKinley,35031,71492,35,31
Colfax,35007,13750,35,7
Harding,35021,695,35,21
Mora,35033,4881,35,33
San Miguel,35047,29393,35,47
Union,35059,4549,35,59
Otero,35035,63797,35,35
Rio Arriba,35039,40246,35,39
Taos,35055,32937,35,55
Sandoval,35043,131561,35,43
San Juan,35045,130044,35,45
Valencia,35061,76569,35,61
Albany,36001,304204,36,1
Greene,36039,49221,36,39
Allegany,36003,48946,36,3
Steuben,36101,98990,36,101
Bronx,36005,1385108,36,5
Broome,36007,200600,36,7
Cattaraugus,36009,80317,36,9
Wyoming,36121,42155,36,121
Cayuga,36011,80026,36,11
Chautauqua,36013,134905,36,13
Chemung,36015,88830,36,15
Chenango,36017,50477,36,17
Cortland,36023,49336,36,23
Clinton,36019,82128,36,19
Columbia,36021,63096,36,21
Delaware,36025,47980,36,25
Schoharie,36095,32749,36,95
Dutchess,36027,297488,36,27
Erie,36029,919040,36,29
Essex,36031,39370,36,31
Franklin,36033,51599,36,33
Fulton,36035,55531,36,35
Hamilton,36041,4836,36,41
Genesee,36037,60079,36,37
Orleans,36073,42883,36,73
Herkimer,36043,64519,36,43
Jefferson,36045,116229,36,45
Lewis,36049,27087,36,49
Kings,36047,2504700,36,47
Livingston,36051,65393,36,51
Madison,36053,73442,36,53
Monroe,36055,744344,36,55
Montgomery,36057,50219,36,57
Nassau,36059,1339532,36,59
New York (county),36061,1585873,36,61
Niagara,36063,216469,36,63
Oneida,36065,234878,36,65
Onondaga,36067,467026,36,67
Ontario,36069,107931,36,69
Orange,36071,372813,36,71
Oswego,36075,122109,36,75
Otsego,36077,62259,36,77
Putnam,36079,99710,36,79
Queens,36081,2230722,36,81
Rensselaer,36083,159429,36,83
Richmond,36085,468730,36,85
Rockland,36087,311687,36,87
St. Lawrence,36089,111944,36,89
Saratoga,36091,219607,36,91
Schenectady,36093,154727,36,93
Schuyler,36097,18343,36,97
Seneca,36099,35251,36,99
Yates,36123,25348,36,123
Suffolk,36103,1493350,36,103
Sullivan,36105,77547,36,105
Tioga,36107,51125,36,107
Tompkins,36109,101564,36,109
Ulster,36111,182493,36,111
Warren,36113,65707,36,113
Washington,36115,63216,36,115
Wayne,36117,93772,36,117
Westchester,36119,949113,36,119
Alamance,37001,151131,37,1
Alexander,37003,37198,37,3
Catawba,37035,154358,37,35
Alleghany,37005,11155,37,5
Ashe,37009,27281,37,9
Avery,37011,17797,37,11
Watauga,37189,51079,37,189
Anson,37007,26948,37,7
Richmond,37153,46639,37,153
Beaufort,37013,47759,37,13
Martin,37117,24505,37,117
Pamlico,37137,13144,37,137
Bladen,37017,35190,37,17
Columbus,37047,58098,37,47
Brunswick,37019,107431,37,19
Buncombe,37021,238318,37,21
Madison,37115,20764,37,115
Burke,37023,90912,37,23
Cabarrus,37025,178011,37,25
Caldwell,37027,83029,37,27
Camden,37029,9980,37,29
Currituck,37053,23547,37,53
Pasquotank,37139,40661,37,139
Carteret,37031,66469,37,31
Caswell,37033,23719,37,33
Person,37145,39464,37,145
Chatham,37037,63505,37,37
Cherokee,37039,27444,37,39
Clay,37043,10587,37,43
Graham,37075,8861,37,75
Swain,37173,13981,37,173
Cleveland,37045,98078,37,45
Craven,37049,103505,37,49
Cumberland,37051,319431,37,51
Dare,37055,33920,37,55
Hyde,37095,5810,37,95
Tyrrell,37177,4407,37,177
Washington,37187,13228,37,187
Davidson,37057,162878,37,57
Davie,37059,41240,37,59
Yadkin,37197,38406,37,197
Duplin,37061,58505,37,61
Durham,37063,267587,37,63
Edgecombe,37065,56552,37,65
Forsyth,37067,350670,37,67
Stokes,37169,47401,37,169
Franklin,37069,60619,37,69
Warren,37185,20972,37,185
Gaston,37071,206086,37,71
Bertie,37015,21282,37,15
Chowan,37041,14793,37,41
Gates,37073,12197,37,73
Hertford,37091,24669,37,91
Perquimans,37143,13453,37,143
Granville,37077,59916,37,77
Vance,37181,45422,37,181
Greene,37079,21362,37,79
Jones,37103,10153,37,103
Lenoir,37107,59495,37,107
Guilford,37081,488406,37,81
Halifax,37083,54691,37,83
Northampton,37131,22099,37,131
Harnett,37085,114678,37,85
Haywood,37087,59036,37,87
Henderson,37089,106740,37,89
Hoke,37093,46952,37,93
Scotland,37165,36157,37,165
Iredell,37097,159437,37,97
Jackson,37099,40271,37,99
Macon,37113,33922,37,113
Transylvania,37175,33090,37,175
Johnston,37101,168878,37,101
Lee,37105,57866,37,105
Lincoln,37109,78265,37,109
McDowell,37111,44996,37,111
Mitchell,37121,15579,37,121
Yancey,37199,17818,37,199
Mecklenburg,37119,919628,37,119
Montgomery,37123,27798,37,123
Moore,37125,88247,37,125
Nash,37127,95840,37,127
New Hanover,37129,202667,37,129
Onslow,37133,177772,37,133
Orange,37135,133801,37,135
Pender,37141,52217,37,141
Pitt,37147,168148,37,147
Polk,37149,20510,37,149
Rutherford,37161,67810,37,161
Randolph,37151,141752,37,151
Robeson,37155,134168,37,155
Rockingham,37157,93643,37,157
Rowan,37159,138428,37,159
Sampson,37163,63431,37,163
Stanly,37167,60585,37,167
Surry,37171,73673,37,171
Union,37179,201292,37,179
Wake,37183,900993,37,183
Wayne,37191,122623,37,191
Wilkes,37193,69340,37,193
Wilson,37195,81234,37,195
Benson,38005,6660,38,5
Eddy,38027,2385,38,27
Foster,38031,3343,38,31
Griggs,38039,2420,38,39
Pierce,38069,4357,38,69
Ramsey,38071,11451,38,71
Rolette,38079,13937,38,79
Towner,38095,2246,38,95
Wells,38103,4207,38,103
Cass,38017,149778,38,17
Barnes,38003,11066,38,3
Dickey,38021,5289,38,21
LaMoure,38045,4139,38,45
Ransom,38073,5457,38,73
Richland,38077,16321,38,77
Sargent,38081,3829,38,81
Stutsman,38093,21100,38,93
Bottineau,38009,6429,38,9
McHenry,38049,5395,38,49
McLean,38055,8962,38,55
Renville,38075,2470,38,75
Sheridan,38083,1321,38,83
Ward,38101,61675,38,101
Cavalier,38019,3993,38,19
Grand Forks,38035,66861,38,35
Nelson,38063,3126,38,63
Pembina,38067,7413,38,67
Steele,38091,1975,38,91
Traill,38097,8121,38,97
Walsh,38099,11119,38,99
Billings,38007,783,38,7
Burke,38013,1968,38,13
Divide,38023,2071,38,23
Dunn,38025,3536,38,25
Golden Valley,38033,1680,38,33
McKenzie,38053,6360,38,53
Mountrail,38061,7673,38,61
Stark,38089,24199,38,89
Williams,38105,22398,38,105
Burleigh,38015,81308,38,15
Emmons,38029,3550,38,29
Kidder,38043,2435,38,43
Logan,38047,1990,38,47
McIntosh,38051,2809,38,51
Adams,38001,2343,38,1
Bowman,38011,3151,38,11
Grant,38037,2394,38,37
Hettinger,38041,2477,38,41
Mercer,38057,8424,38,57
Morton,38059,27471,38,59
Oliver,38065,1846,38,65
Sioux,38085,4153,38,85
Slope,38087,727,38,87
Adams,39001,28550,39,1
Brown,39015,44846,39,15
Allen,39003,106331,39,3
Ashland,39005,53139,39,5
Ashtabula,39007,101497,39,7
Athens,39009,64757,39,9
Hocking,39073,29380,39,73
Auglaize,39011,45949,39,11
Mercer,39107,40814,39,107
Belmont,39013,70400,39,13
Butler,39017,368130,39,17
Carroll,39019,28836,39,19
Harrison,39067,15864,39,67
Tuscarawas,39157,92582,39,157
Champaign,39021,40097,39,21
Logan,39091,45858,39,91
Madison,39097,43435,39,97
Shelby,39149,49423,39,149
Clark,39023,138333,39,23
Clermont,39025,197363,39,25
Clinton,39027,42040,39,27
Fayette,39047,29030,39,47
Highland,39071,43589,39,71
Columbiana,39029,107841,39,29
Coshocton,39031,36901,39,31
Holmes,39075,42366,39,75
Crawford,39033,43784,39,33
Richland,39139,124475,39,139
Cuyahoga,39035,1280122,39,35
Darke,39037,52959,39,37
Preble,39135,42270,39,135
Defiance,39039,39037,39,39
Williams,39171,37642,39,171
Delaware,39041,174214,39,41
Erie,39043,77079,39,43
Fairfield,39045,146156,39,45
Franklin,39049,1163414,39,49
Fulton,39051,42698,39,51
Henry,39069,28215,39,69
Gallia,39053,30934,39,53
Meigs,39105,23770,39,105
Geauga,39055,93389,39,55
Greene,39057,161573,39,57
Guernsey,39059,40087,39,59
Monroe,39111,14642,39,111
Noble,39121,14645,39,121
Hamilton,39061,802374,39,61
Hancock,39063,74782,39,63
Hardin,39065,32058,39,65
Wyandot,39175,22615,39,175
Huron,39077,59626,39,77
Jackson,39079,33225,39,79
Pike,39131,28709,39,131
Vinton,39163,13435,39,163
Jefferson,39081,69709,39,81
Knox,39083,60921,39,83
Morrow,39117,34827,39,117
Lake,39085,230041,39,85
Lawrence,39087,62450,39,87
Licking,39089,166492,39,89
Lorain,39093,301356,39,93
Lucas,39095,441815,39,95
Ottawa,39123,41428,39,123
Mahoning,39099,238823,39,99
Marion,39101,66501,39,101
Medina,39103,172332,39,103
Miami,39109,102506,39,109
Montgomery,39113,535153,39,113
Morgan,39115,15054,39,115
Perry,39127,36058,39,127
Muskingum,39119,86074,39,119
Paulding,39125,19614,39,125
Putnam,39137,34499,39,137
Van Wert,39161,28744,39,161
Pickaway,39129,55698,39,129
Portage,39133,161419,39,133
Ross,39141,78064,39,141
Sandusky,39143,60944,39,143
Scioto,39145,79499,39,145
Seneca,39147,56745,39,147
Stark,39151,375586,39,151
Summit,39153,541781,39,153
Trumbull,39155,210312,39,155
Union,39159,52300,39,159
Warren,39165,212693,39,165
Washington,39167,61778,39,167
Wayne,39169,114520,39,169
Wood,39173,125488,39,173
Adair,40001,22683,40,1
Cherokee,40021,46987,40,21
Sequoyah,40135,42391,40,135
Atoka,40005,14182,40,5
Bryan,40013,42416,40,13
Coal,40029,5925,40,29
Beckham,40009,22119,40,9
Custer,40039,27469,40,39
Roger Mills,40129,3647,40,129
Washita,40149,11629,40,149
Caddo,40015,29600,40,15
Grady,40051,52431,40,51
Canadian,40017,115541,40,17
Carter,40019,47557,40,19
Johnston,40069,10957,40,69
Love,40085,9423,40,85
Marshall,40095,15840,40,95
Choctaw,40023,15205,40,23
McCurtain,40089,33151,40,89
Pushmataha,40127,11572,40,127
Cleveland,40027,255755,40,27
Comanche,40031,124098,40,31
Cotton,40033,6193,40,33
Jefferson,40067,6472,40,67
Stephens,40137,45048,40,137
Craig,40035,15029,40,35
Mayes,40097,41259,40,97
Creek,40037,69967,40,37
Delaware,40041,41487,40,41
Ottawa,40115,31848,40,115
Garfield,40047,60580,40,47
Garvin,40049,27576,40,49
McClain,40087,34506,40,87
Murray,40099,13488,40,99
Grant,40053,4527,40,53
Kay,40071,46562,40,71
Haskell,40061,12769,40,61
Latimer,40077,11154,40,77
Pittsburg,40121,45837,40,121
Hughes,40063,14003,40,63
Okfuskee,40107,12191,40,107
Pontotoc,40123,37492,40,123
Seminole,40133,25482,40,133
Le Flore,40079,50384,40,79
Lincoln,40081,34273,40,81
Logan,40083,41848,40,83
McIntosh,40091,20252,40,91
Okmulgee,40111,40069,40,111
Alfalfa,40003,5642,40,3
Blaine,40011,11943,40,11
Dewey,40043,4810,40,43
Kingfisher,40073,15034,40,73
Major,40093,7527,40,93
Woods,40151,8878,40,151
Muskogee,40101,70990,40,101
Noble,40103,11561,40,103
Osage,40113,47472,40,113
Pawnee,40117,16577,40,117
Nowata,40105,10536,40,105
Washington,40147,50976,40,147
Oklahoma (county),40109,718633,40,109
Beaver,40007,5636,40,7
Cimarron,40025,2475,40,25
Ellis,40045,4151,40,45
Harper,40059,3685,40,59
Texas,40139,20640,40,139
Woodward,40153,20081,40,153
Payne,40119,77350,40,119
Pottawatomie,40125,69442,40,125
Rogers,40131,86905,40,131
Greer,40055,6239,40,55
Harmon,40057,2922,40,57
Jackson,40065,26446,40,65
Kiowa,40075,9446,40,75
Tillman,40141,7992,40,141
Tulsa,40143,603403,40,143
Wagoner,40145,73085,40,145
Baker,41001,16134,41,1
Harney,41025,7422,41,25
Lake,41037,7895,41,37
Malheur,41045,31313,41,45
Benton,41003,85579,41,3
Clackamas,41005,375992,41,5
Clatsop,41007,37039,41,7
Lincoln,41041,46034,41,41
Tillamook,41057,25250,41,57
Columbia,41009,49351,41,9
Washington,41067,529710,41,67
Coos,41011,63043,41,11
Curry,41015,22364,41,15
Deschutes,41017,157733,41,17
Douglas,41019,107667,41,19
Hood River,41027,22346,41,27
Jefferson,41031,21720,41,31
Sherman,41055,1765,41,55
Wasco,41065,25213,41,65
Jackson,41029,203206,41,29
Josephine,41033,82713,41,33
Klamath,41035,66380,41,35
Lane,41039,351715,41,39
Linn,41043,116672,41,43
Marion,41047,315335,41,47
Multnomah,41051,735334,41,51
Polk,41053,75403,41,53
Crook,41013,20978,41,13
Gilliam,41021,1871,41,21
Grant,41023,7445,41,23
Morrow,41049,11173,41,49
Umatilla,41059,75889,41,59
Union,41061,25748,41,61
Wallowa,41063,7008,41,63
Wheeler,41069,1441,41,69
Yamhill,41071,99193,41,71
Adams,42001,101407,42,1
Allegheny,42003,1223348,42,3
Armstrong,42005,68941,42,5
Beaver,42007,170539,42,7
Bedford,42009,49762,42,9
Fulton,42057,14845,42,57
Berks,42011,411442,42,11
Blair,42013,127089,42,13
Bradford,42015,62622,42,15
Sullivan,42113,6428,42,113
Bucks,42017,625249,42,17
Butler,42019,183862,42,19
Cambria,42021,143679,42,21
Carbon,42025,65249,42,25
Centre,42027,153990,42,27
Chester,42029,498886,42,29
Clarion,42031,39988,42,31
Jefferson,42065,45200,42,65
Clearfield,42033,81642,42,33
Clinton,42035,39238,42,35
Potter,42105,17457,42,105
Tioga,42117,41981,42,117
Columbia,42037,67295,42,37
Crawford,42039,88765,42,39
Cumberland,42041,235406,42,41
Perry,42099,45969,42,99
Dauphin,42043,268100,42,43
Delaware,42045,558979,42,45
Erie,42049,280566,42,49
Fayette,42051,136606,42,51
Greene,42059,38686,42,59
Franklin,42055,149618,42,55
Huntingdon,42061,45913,42,61
Juniata,42067,24636,42,67
Mifflin,42087,46682,42,87
Indiana,42063,88880,42,63
Lackawanna,42069,214437,42,69
Wyoming,42131,28276,42,131
Lancaster,42071,519445,42,71
Lawrence,42073,91108,42,73
Lebanon,42075,133568,42,75
Lehigh,42077,349497,42,77
Luzerne,42079,320918,42,79
Lycoming,42081,116111,42,81
Cameron,42023,5085,42,23
Elk,42047,31946,42,47
Forest,42053,7716,42,53
McKean,42083,43450,42,83
Warren,42123,41815,42,123
Mercer,42085,116638,42,85
Monroe,42089,169842,42,89
Montgomery,42091,799874,42,91
Montour,42093,18267,42,93
Northumberland,42097,94528,42,97
Northampton,42095,297735,42,95
Philadelphia,42101,1526006,42,101
Pike,42103,57369,42,103
Schuylkill,42107,148289,42,107
Snyder,42109,39702,42,109
Union,42119,44947,42,119
Somerset,42111,77742,42,111
Susquehanna,42115,43356,42,115
Wayne,42127,52822,42,127
Venango,42121,54984,42,121
Washington,42125,207820,42,125
Westmoreland,42129,365169,42,129
York,42133,434972,42,133
Bristol,44001,49875,44,1
Providence,44007,626667,44,7
Kent,44003,166158,44,3
Newport,44005,82888,44,5
Washington,44009,126979,44,9
Abbeville,45001,25417,45,1
Edgefield,45037,26985,45,37
Greenwood,45047,69661,45,47
McCormick,45065,10233,45,65
Aiken,45003,160099,45,3
Anderson,45007,187126,45,7
Beaufort,45013,162233,45,13
Berkeley,45015,177843,45,15
Calhoun,45017,15175,45,17
Richland,45079,384504,45,79
Charleston,45019,350209,45,19
Cherokee,45021,55342,45,21
Chester,45023,33140,45,23
Fairfield,45039,23956,45,39
Chesterfield,45025,46734,45,25
Marlboro,45069,28933,45,69
Clarendon,45027,34971,45,27
Williamsburg,45089,34423,45,89
Darlington,45031,68681,45,31
Dillon,45033,32062,45,33
Marion,45067,33062,45,67
Dorchester,45035,136555,45,35
Florence,45041,136885,45,41
Georgetown,45043,60158,45,43
Greenville,45045,451225,45,45
Allendale,45005,10419,45,5
Bamberg,45009,15987,45,9
Barnwell,45011,22621,45,11
Colleton,45029,38892,45,29
Hampton,45049,21090,45,49
Jasper,45053,24777,45,53
Horry,45051,269291,45,51
Kershaw,45055,61697,45,55
Lee,45061,19220,45,61
Lancaster,45057,76652,45,57
Laurens,45059,66537,45,59
Lexington,45063,262391,45,63
Newberry,45071,37508,45,71
Saluda,45081,19875,45,81
Oconee,45073,74273,45,73
Orangeburg,45075,92501,45,75
Pickens,45077,119224,45,77
Spartanburg,45083,284307,45,83
Union,45087,28961,45,87
Sumter,45085,107456,45,85
York,45091,226073,45,91
Beadle,46005,17398,46,5
Clark,46025,3691,46,25
Codington,46029,27227,46,29
Deuel,46039,4364,46,39
Hamlin,46057,5903,46,57
Kingsbury,46077,5148,46,77
Spink,46115,6415,46,115
Clay,46027,13864,46,27
Turner,46125,8347,46,125
Union,46127,14399,46,127
Yankton,46135,22438,46,135
Aurora,46003,2710,46,3
Bon Homme,46009,7070,46,9
Brule,46015,5255,46,15
Charles Mix,46023,9129,46,23
Davison,46035,19504,46,35
Douglas,46043,3002,46,43
Hutchinson,46067,7343,46,67
Lincoln,46083,44828,46,83
Minnehaha,46099,169468,46,99
Brookings,46011,31965,46,11
Hanson,46061,3331,46,61
Jerauld,46073,2071,46,73
Lake,46079,11200,46,79
McCook,46087,5618,46,87
Miner,46097,2389,46,97
Moody,46101,6486,46,101
Sanborn,46111,2355,46,111
Buffalo,46017,1912,46,17
Campbell,46021,1466,46,21
Edmunds,46045,4071,46,45
Faulk,46049,2364,46,49
Hand,46059,3431,46,59
Hughes,46065,17022,46,65
Hyde,46069,1420,46,69
Lyman,46085,3755,46,85
McPherson,46089,2459,46,89
Potter,46107,2329,46,107
Stanley,46117,2966,46,117
Sully,46119,1373,46,119
Walworth,46129,5438,46,129
Brown,46013,36531,46,13
Day,46037,5710,46,37
Grant,46051,7356,46,51
Marshall,46091,4656,46,91
Roberts,46109,10149,46,109
Butte,46019,10110,46,19
Corson,46031,4050,46,31
Dewey,46041,5301,46,41
Harding,46063,1255,46,63
Lawrence,46081,24097,46,81
Meade,46093,25434,46,93
Perkins,46105,2982,46,105
Ziebach,46137,2801,46,137
Pennington,46103,100948,46,103
Bennett,46007,3431,46,7
Custer,46033,8216,46,33
Fall River,46047,7094,46,47
Gregory,46053,4271,46,53
Haakon,46055,1937,46,55
Jackson,46071,3031,46,71
Jones,46075,1006,46,75
Mellette,46095,2048,46,95
Shannon,46113,13586,46,113
Todd,46121,9612,46,121
Tripp,46123,5644,46,123
Anderson,47001,75129,47,1
Bedford,47003,45058,47,3
Lincoln,47103,33361,47,103
Moore,47127,6362,47,127
Benton,47005,16489,47,5
Carroll,47017,28522,47,17
Henry,47079,32330,47,79
Bledsoe,47007,12876,47,7
Rhea,47143,31809,47,143
Van Buren,47175,5548,47,175
White,47185,25841,47,185
Blount,47009,123010,47,9
Loudon,47105,48556,47,105
Bradley,47011,98963,47,11
Polk,47139,16825,47,139
Campbell,47013,40716,47,13
Claiborne,47025,32213,47,25
Hancock,47067,6819,47,67
Scott,47151,22228,47,151
Cannon,47015,13801,47,15
DeKalb,47041,18723,47,41
Warren,47177,39839,47,177
Carter,47019,57424,47,19
Johnson,47091,18244,47,91
Unicoi,47171,18313,47,171
Cheatham,47021,39105,47,21
Dickson,47043,49666,47,43
Chester,47023,17131,47,23
Madison,47113,98294,47,113
Cocke,47029,35662,47,29
Jefferson,47089,51407,47,89
Coffee,47031,52796,47,31
Franklin,47051,41052,47,51
Crockett,47033,14586,47,33
Gibson,47053,49683,47,53
Haywood,47075,18787,47,75
Cumberland,47035,56053,47,35
Fentress,47049,17959,47,49
Davidson,47037,626681,47,37
Decatur,47039,11757,47,39
Henderson,47077,27769,47,77
Lewis,47101,12161,47,101
Perry,47135,7915,47,135
Dyer,47045,38335,47,45
Lake,47095,7832,47,95
Lauderdale,47097,27815,47,97
Fayette,47047,38413,47,47
Hardeman,47069,27253,47,69
Giles,47055,29485,47,55
Marshall,47117,30617,47,117
Grainger,47057,22657,47,57
Hamblen,47063,62544,47,63
Greene,47059,68831,47,59
Grundy,47061,13703,47,61
Marion,47115,28237,47,115
Sequatchie,47153,14112,47,153
Hamilton,47065,336463,47,65
Hardin,47071,26026,47,71
McNairy,47109,26075,47,109
Hawkins,47073,56833,47,73
Hickman,47081,24690,47,81
Houston,47083,8426,47,83
Humphreys,47085,18538,47,85
Stewart,47161,13324,47,161
Jackson,47087,11638,47,87
Putnam,47141,72321,47,141
Smith,47159,19166,47,159
Knox,47093,432226,47,93
Union,47173,19109,47,173
Lawrence,47099,41869,47,99
Wayne,47181,17021,47,181
McMinn,47107,52266,47,107
Meigs,47121,11753,47,121
Monroe,47123,44519,47,123
Maury,47119,80956,47,119
Montgomery,47125,172331,47,125
Morgan,47129,21987,47,129
Roane,47145,54181,47,145
Clay,47027,7861,47,27
Macon,47111,22248,47,111
Overton,47133,22083,47,133
Pickett,47137,5077,47,137
Trousdale,47169,7870,47,169
Obion,47131,31807,47,131
Weakley,47183,35021,47,183
Robertson,47147,66283,47,147
Rutherford,47149,262604,47,149
Sevier,47155,89889,47,155
Shelby,47157,927644,47,157
Sullivan,47163,156823,47,163
Sumner,47165,160645,47,165
Tipton,47167,61081,47,167
Washington,47179,122979,47,179
Williamson,47187,183182,47,187
Wilson,47189,113993,47,189
Anderson,48001,58458,48,1
Houston,48225,23732,48,225
Angelina,48005,86771,48,5
Aransas,48007,23158,48,7
Calhoun,48057,21381,48,57
Refugio,48391,7383,48,391
Archer,48009,9054,48,9
Wichita,48485,131500,48,485
Atascosa,48013,44911,48,13
Live Oak,48297,11531,48,297
McMullen,48311,707,48,311
Austin,48015,28417,48,15
Waller,48473,43205,48,473
Washington,48477,33718,48,477
Bandera,48019,20485,48,19
Kendall,48259,33410,48,259
Kerr,48265,49625,48,265
Bastrop,48021,74171,48,21
Caldwell,48055,38066,48,55
Bee,48025,31861,48,25
Goliad,48175,7210,48,175
Karnes,48255,14824,48,255
Bell,48027,310235,48,27
Bexar,48029,1714773,48,29
Wilson,48493,42918,48,493
Bosque,48035,18212,48,35
Hamilton,48193,8517,48,193
Hill,48217,35089,48,217
Bowie,48037,92565,48,37
Brazoria,48039,313166,48,39
Brazos,48041,194851,48,41
Burleson,48051,17187,48,51
Grimes,48185,26604,48,185
Robertson,48395,16622,48,395
Brown,48049,38106,48,49
Coleman,48083,8895,48,83
Mills,48333,4936,48,333
Burnet,48053,42750,48,53
Lampasas,48281,19677,48,281
Llano,48299,19301,48,299
Callahan,48059,13544,48,59
Eastland,48133,18583,48,133
Jones,48253,20202,48,253
Shackelford,48417,3378,48,417
Stephens,48429,9630,48,429
Cameron,48061,406220,48,61
Cass,48067,30464,48,67
Marion,48315,10546,48,315
Morris,48343,12934,48,343
Chambers,48071,35096,48,71
Liberty,48291,75643,48,291
Cherokee,48073,50845,48,73
Clay,48077,10752,48,77
Cooke,48097,38437,48,97
Montague,48337,19719,48,337
Collin,48085,782341,48,85
Comal,48091,108472,48,91
Comanche,48093,13974,48,93
Erath,48143,37890,48,143
Somervell,48425,8490,48,425
Coryell,48099,75388,48,99
Crockett,48105,3719,48,105
Kinney,48271,3598,48,271
Terrell,48443,984,48,443
Val Verde,48465,48879,48,465
Crosby,48107,6059,48,107
Floyd,48153,6446,48,153
Hale,48189,36273,48,189
Swisher,48437,7854,48,437
Dallas,48113,2368139,48,113
Denton,48121,662614,48,121
Dimmit,48127,9996,48,127
La Salle,48283,6886,48,283
Maverick,48323,54258,48,323
Brooks,48047,7223,48,47
Duval,48131,11782,48,131
Jim Hogg,48247,5300,48,247
Jim Wells,48249,40838,48,249
Zapata,48505,14018,48,505
Armstrong,48011,1901,48,11
Baylor,48023,3726,48,23
Briscoe,48045,1637,48,45
Childress,48075,7041,48,75
Cottle,48101,1505,48,101
Dickens,48125,2444,48,125
Donley,48129,3677,48,129
Foard,48155,1336,48,155
Hall,48191,3353,48,191
Hardeman,48197,4139,48,197
Haskell,48207,5899,48,207
King,48269,286,48,269
Knox,48275,3719,48,275
Motley,48345,1210,48,345
Stonewall,48433,1490,48,433
Throckmorton,48447,1641,48,447
Wilbarger,48487,13535,48,487
Ector,48135,137130,48,135
Ellis,48139,149610,48,139
El Paso,48141,800647,48,141
Falls,48145,17866,48,145
Lee,48287,16612,48,287
Milam,48331,24757,48,331
Fannin,48147,33915,48,147
Lamar,48277,49793,48,277
Red River,48387,12860,48,387
Fort Bend,48157,585375,48,157
Freestone,48161,19816,48,161
Leon,48289,16801,48,289
Limestone,48293,23384,48,293
Navarro,48349,47735,48,349
Frio,48163,17217,48,163
Medina,48325,46006,48,325
Uvalde,48463,26405,48,463
Zavala,48507,11677,48,507
Andrews,48003,14786,48,3
Dawson,48115,13833,48,115
Gaines,48165,17526,48,165
Lynn,48305,5915,48,305
Martin,48317,4799,48,317
Terry,48445,12651,48,445
Yoakum,48501,7879,48,501
Galveston,48167,291309,48,167
Grayson,48181,120877,48,181
Gregg,48183,121730,48,183
Guadalupe,48187,131533,48,187
Hardin,48199,54635,48,199
Harris,48201,4092459,48,201
Harrison,48203,65631,48,203
Upshur,48459,39309,48,459
Hays,48209,157107,48,209
Henderson,48213,78532,48,213
Hidalgo,48215,774769,48,215
Hood,48221,51182,48,221
Camp,48063,12401,48,63
Delta,48119,5231,48,119
Franklin,48159,10605,48,159
Hopkins,48223,35161,48,223
Titus,48449,32334,48,449
Wood,48499,41964,48,499
Hunt,48231,86129,48,231
Jack,48237,9044,48,237
Palo Pinto,48363,28111,48,363
Young,48503,18550,48,503
Jackson,48239,14075,48,239
Matagorda,48321,36702,48,321
Wharton,48481,41280,48,481
Jasper,48241,35710,48,241
Newton,48351,14445,48,351
Jefferson,48245,252273,48,245
Johnson,48251,150934,48,251
Kaufman,48257,103350,48,257
Kenedy,48261,416,48,261
Kleberg,48273,32061,48,273
Willacy,48489,22134,48,489
Colorado,48089,20874,48,89
DeWitt,48123,20097,48,123
Fayette,48149,24554,48,149
Gonzales,48177,19807,48,177
Lavaca,48285,19263,48,285
Lubbock,48303,278831,48,303
McLennan,48309,234906,48,309
Madison,48313,13664,48,313
Trinity,48455,14585,48,455
Walker,48471,67861,48,471
Blanco,48031,10497,48,31
Coke,48081,3320,48,81
Concho,48095,4087,48,95
Edwards,48137,2002,48,137
Gillespie,48171,24837,48,171
Glasscock,48173,1226,48,173
Irion,48235,1599,48,235
Kimble,48267,4607,48,267
McCulloch,48307,8283,48,307
Mason,48319,4012,48,319
Menard,48327,2242,48,327
Reagan,48383,3367,48,383
Real,48385,3309,48,385
Runnels,48399,10501,48,399
San Saba,48411,6131,48,411
Schleicher,48413,3461,48,413
Sterling,48431,1143,48,431
Sutton,48435,4128,48,435
Midland,48329,136872,48,329
Montgomery,48339,455746,48,339
Nacogdoches,48347,64524,48,347
Collingsworth,48087,3057,48,87
Gray,48179,22535,48,179
Hansford,48195,5613,48,195
Hemphill,48211,3807,48,211
Lipscomb,48295,3302,48,295
Ochiltree,48357,10223,48,357
Roberts,48393,929,48,393
Wheeler,48483,5410,48,483
Carson,48065,6182,48,65
Dallam,48111,6703,48,111
Hartley,48205,6062,48,205
Hutchinson,48233,22150,48,233
Moore,48341,21904,48,341
Oldham,48359,2052,48,359
Sherman,48421,3034,48,421
Nueces,48355,340223,48,355
Orange,48361,81837,48,361
Panola,48365,23796,48,365
Sabine,48403,10834,48,403
San Augustine,48405,8865,48,405
Shelby,48419,25448,48,419
Parker,48367,116927,48,367
Polk,48373,45413,48,373
San Jacinto,48407,26384,48,407
Tyler,48457,21766,48,457
Potter,48375,121073,48,375
Rains,48379,10914,48,379
Van Zandt,48467,52579,48,467
Randall,48381,120725,48,381
Rockwall,48397,78337,48,397
Rusk,48401,53330,48,401
San Patricio,48409,64804,48,409
Borden,48033,641,48,33
Fisher,48151,3974,48,151
Garza,48169,6461,48,169
Howard,48227,35012,48,227
Kent,48263,808,48,263
Mitchell,48335,9403,48,335
Nolan,48353,15216,48,353
Scurry,48415,16921,48,415
Smith,48423,209714,48,423
Starr,48427,60968,48,427
Tarrant,48439,1809034,48,439
Taylor,48441,131506,48,441
Tom Green,48451,110224,48,451
Travis,48453,1024266,48,453
Victoria,48469,86793,48,469
Webb,48479,250304,48,479
Bailey,48017,7165,48,17
Castro,48069,8062,48,69
Cochran,48079,3127,48,79
Deaf Smith,48117,19372,48,117
Hockley,48219,22935,48,219
Lamb,48279,13977,48,279
Parmer,48369,10269,48,369
Brewster,48043,9232,48,43
Crane,48103,4375,48,103
Culberson,48109,2398,48,109
Hudspeth,48229,3476,48,229
Jeff Davis,48243,2342,48,243
Loving,48301,82,48,301
Pecos,48371,15507,48,371
Presidio,48377,7818,48,377
Reeves,48389,13783,48,389
Upton,48461,3355,48,461
Ward,48475,10658,48,475
Winkler,48495,7110,48,495
Williamson,48491,422679,48,491
Wise,48497,59127,48,497
Beaver,49001,6629,49,1
Iron,49021,46163,49,21
Millard,49027,12503,49,27
Box Elder,49003,49975,49,3
Cache,49005,112656,49,5
Rich,49033,2264,49,33
Carbon,49007,21403,49,7
Daggett,49009,1059,49,9
Duchesne,49013,18607,49,13
Uintah,49047,32588,49,47
Davis,49011,306479,49,11
Juab,49023,10246,49,23
Sanpete,49039,27822,49,39
Tooele,49045,58218,49,45
Morgan,49029,9469,49,29
Summit,49043,36324,49,43
Wasatch,49051,23530,49,51
Salt Lake,49035,1029655,49,35
Utah (county),49049,516564,49,49
Washington,49053,138115,49,53
Emery,49015,10976,49,15
Garfield,49017,5172,49,17
Grand,49019,9225,49,19
Kane,49025,7125,49,25
Piute,49031,1556,49,31
San Juan,49037,14746,49,37
Sevier,49041,20802,49,41
Wayne,49055,2778,49,55
Weber,49057,231236,49,57
Addison,50001,36821,50,1
Chittenden,50007,156545,50,7
Bennington,50003,37125,50,3
Windham,50025,44513,50,25
Caledonia,50005,31227,50,5
Essex,50009,6306,50,9
Orange,50017,28936,50,17
Franklin,50011,47746,50,11
Grand Isle,50013,6970,50,13
Lamoille,50015,24475,50,15
Orleans,50019,27231,50,19
Rutland,50021,61642,50,21
Washington,50023,59534,50,23
Windsor,50027,56670,50,27
Accomack,51001,33164,51,1
Northampton,51131,12389,51,131
Virginia Beach (city),51810,437994,51,810
Albemarle,51003,98970,51,3
Charlottesville (city),51540,43475,51,540
Alexandria (city),51510,139966,51,510
Alleghany,51005,16250,51,5
Bath,51017,4731,51,17
Botetourt,51023,33148,51,23
Covington (city),51580,5961,51,580
Highland,51091,2321,51,91
Amelia,51007,12690,51,7
Brunswick,51025,17434,51,25
Lunenburg,51111,12914,51,111
Nottoway,51135,15853,51,135
Amherst,51009,32353,51,9
Lynchburg (city),51680,75568,51,680
Nelson,51125,15020,51,125
Appomattox,51011,14973,51,11
Campbell,51031,54842,51,31
Arlington,51013,207627,51,13
Augusta,51015,73750,51,15
Buena Vista (city),51530,6650,51,530
Lexington (city),51678,7042,51,678
Rockbridge,51163,22307,51,163
Staunton (city),51790,23746,51,790
Waynesboro (city),51820,21006,51,820
Bedford (county),51019,68676,51,19
Bedford (city),51515,6222,51,515
Bland,51021,6824,51,21
Smyth,51173,32208,51,173
Wythe,51197,29235,51,197
Bristol (city),51520,17835,51,520
Washington,51191,54876,51,191
Buchanan,51027,24098,51,27
Dickenson,51051,15903,51,51
Russell,51167,28897,51,167
Tazewell,51185,45078,51,185
Carroll,51035,30042,51,35
Galax (city),51640,7042,51,640
Grayson,51077,15533,51,77
Charles City,51036,7256,51,36
Goochland,51075,21717,51,75
Henrico,51087,306935,51,87
New Kent,51127,18429,51,127
Chesapeake (city),51550,222209,51,550
Chesterfield,51041,316236,51,41
Colonial Heights (city),51570,17411,51,570
Powhatan,51145,28046,51,145
Clarke,51043,14034,51,43
Warren,51187,37575,51,187
Craig,51045,5190,51,45
Franklin (county),51067,56159,51,67
Roanoke (county),51161,92376,51,161
Salem (city),51775,24802,51,775
Culpeper,51047,46689,51,47
Madison,51113,13308,51,113
Rappahannock,51157,7373,51,157
Danville (city),51590,43055,51,590
Pittsylvania,51143,63506,51,143
Dinwiddie,51053,28001,51,53
Petersburg (city),51730,32420,51,730
Fairfax (county),51059,1081726,51,59
Fairfax (city),51600,22565,51,600
Falls Church (city),51610,12332,51,610
Fauquier,51061,65203,51,61
Floyd,51063,15279,51,63
Giles,51071,17286,51,71
Montgomery,51121,94392,51,121
Frederick,51069,78305,51,69
Winchester (city),51840,26203,51,840
Fredericksburg (city),51630,24286,51,630
Spotsylvania,51177,122397,51,177
Greene,51079,18403,51,79
Louisa,51109,33153,51,109
Orange,51137,33481,51,137
Halifax,51083,36241,51,83
Mecklenburg,51117,32727,51,117
Hampton (city),51650,137436,51,650
Poquoson (city),51735,12150,51,735
Hanover,51085,99863,51,85
Harrisonburg (city),51660,48914,51,660
Rockingham,51165,76314,51,165
Henry,51089,54151,51,89
Martinsville (city),51690,13821,51,690
Patrick,51141,18490,51,141
Hopewell (city),51670,22591,51,670
Prince George,51149,35725,51,149
James City ,51095,67009,51,95
Williamsburg (city),51830,14068,51,830
Caroline,51033,28545,51,33
Essex,51057,11151,51,57
Gloucester,51073,36858,51,73
King and Queen,51097,6945,51,97
King William,51101,15935,51,101
Mathews,51115,8978,51,115
Middlesex,51119,10959,51,119
Lee,51105,25587,51,105
Norton (city),51720,3958,51,720
Scott,51169,23177,51,169
Wise,51195,41452,51,195
Loudoun,51107,312311,51,107
Manassas (city),51683,37821,51,683
Manassas Park (city),51685,14273,51,685
Newport News (city),51700,180719,51,700
Norfolk (city),51710,242803,51,710
Page,51139,24042,51,139
Shenandoah,51171,41993,51,171
Portsmouth (city),51740,95535,51,740
Buckingham,51029,17146,51,29
Charlotte,51037,12586,51,37
Cumberland,51049,10052,51,49
Fluvanna,51065,25691,51,65
Prince Edward,51147,23368,51,147
Prince William,51153,402002,51,153
Pulaski,51155,34872,51,155
Radford (city),51750,16408,51,750
Richmond (city),51760,204214,51,760
Roanoke (city),51770,97032,51,770
Emporia (city),51595,5927,51,595
Franklin (city),51620,8582,51,620
Greensville,51081,12243,51,81
Isle of Wight,51093,35270,51,93
Southampton,51175,18570,51,175
Surry,51181,7058,51,181
Sussex,51183,12087,51,183
Stafford,51179,128961,51,179
Suffolk (city),51800,84585,51,800
King George,51099,23584,51,99
Lancaster,51103,11391,51,103
Northumberland,51133,12330,51,133
Richmond (county),51159,9254,51,159
Westmoreland,51193,17454,51,193
York,51199,65464,51,199
Adams,53001,18728,53,1
Grant,53025,89120,53,25
Asotin,53003,21623,53,3
Columbia,53013,4078,53,13
Garfield,53023,2266,53,23
Whitman,53075,44776,53,75
Benton,53005,175177,53,5
Chelan,53007,72453,53,7
Kittitas,53037,40915,53,37
Clallam,53009,71404,53,9
Jefferson,53031,29872,53,31
Clark,53011,425363,53,11
Cowlitz,53015,102410,53,15
Klickitat,53039,20318,53,39
Skamania,53059,11066,53,59
Wahkiakum,53069,3978,53,69
Douglas,53017,38431,53,17
Okanogan,53047,41120,53,47
Ferry,53019,7551,53,19
Lincoln,53043,10570,53,43
Pend Oreille,53051,13001,53,51
Stevens,53065,43531,53,65
Franklin,53021,78163,53,21
Grays Harbor,53027,72797,53,27
Pacific,53049,20920,53,49
Island,53029,78506,53,29
King,53033,1931249,53,33
Kitsap,53035,251133,53,35
Lewis,53041,75455,53,41
Mason,53045,60699,53,45
Pierce,53053,795225,53,53
San Juan,53055,15769,53,55
Skagit,53057,116901,53,57
Snohomish,53061,713335,53,61
Spokane,53063,471221,53,63
Thurston,53067,252264,53,67
Walla Walla,53071,58781,53,71
Whatcom,53073,201140,53,73
Yakima,53077,243231,53,77
Barbour,54001,16589,54,1
Pocahontas,54075,8719,54,75
Randolph,54083,29405,54,83
Tucker,54093,7141,54,93
Berkeley,54003,104169,54,3
Morgan,54065,17541,54,65
Boone,54005,24629,54,5
Lincoln,54043,21720,54,43
Logan,54045,36743,54,45
Braxton,54007,14523,54,7
Gilmer,54021,8693,54,21
Lewis,54041,16372,54,41
Upshur,54097,24254,54,97
Brooke,54009,24069,54,9
Hancock,54029,30676,54,29
Cabell,54011,96319,54,11
Clay,54015,9386,54,15
Fayette,54019,46039,54,19
Nicholas,54067,26233,54,67
Webster,54101,9154,54,101
Greenbrier,54025,35480,54,25
Monroe,54063,13502,54,63
Summers,54089,13927,54,89
Grant,54023,11937,54,23
Hampshire,54027,23964,54,27
Hardy,54031,14025,54,31
Mineral,54057,28212,54,57
Pendleton,54071,7695,54,71
Harrison,54033,69099,54,33
Taylor,54091,16895,54,91
Calhoun,54013,7627,54,13
Jackson,54035,29211,54,35
Mason,54053,27324,54,53
Roane,54087,14926,54,87
Wirt,54105,5717,54,105
Jefferson,54037,53498,54,37
Kanawha,54039,193063,54,39
McDowell,54047,22113,54,47
Mercer,54055,62264,54,55
Marion,54049,56418,54,49
Marshall,54051,33107,54,51
Ohio,54069,44443,54,69
Mingo,54059,26839,54,59
Wayne,54099,42481,54,99
Monongalia,54061,96189,54,61
Preston,54077,33520,54,77
Putnam,54079,55486,54,79
Raleigh,54081,78859,54,81
Wyoming,54109,23796,54,109
Doddridge,54017,8202,54,17
Pleasants,54073,7605,54,73
Ritchie,54085,10449,54,85
Tyler,54095,9208,54,95
Wetzel,54103,16583,54,103
Wood,54107,86956,54,107
Adams,55001,20875,55,1
Juneau,55057,26664,55,57
Monroe,55081,44673,55,81
Vernon,55123,29773,55,123
Ashland,55003,16157,55,3
Bayfield,55007,15014,55,7
Douglas,55031,44159,55,31
Price,55099,14159,55,99
Barron,55005,45870,55,5
Sawyer,55113,16557,55,113
Washburn,55129,15911,55,129
Brown,55009,248007,55,9
Buffalo,55011,13587,55,11
Jackson,55053,20449,55,53
Pepin,55091,7469,55,91
Trempealeau,55121,28816,55,121
Burnett,55013,15457,55,13
Polk,55095,44205,55,95
Calumet,55015,48971,55,15
Winnebago,55139,166994,55,139
Chippewa,55017,62415,55,17
Rusk,55107,14755,55,107
Clark,55019,34690,55,19
Taylor,55119,20689,55,119
Columbia,55021,56833,55,21
Crawford,55023,16644,55,23
Grant,55043,51208,55,43
Richland,55103,18021,55,103
Dane,55025,488073,55,25
Dodge,55027,88759,55,27
Door,55029,27785,55,29
Kewaunee,55061,20574,55,61
Manitowoc,55071,81442,55,71
Dunn,55033,43857,55,33
Eau Claire,55035,98736,55,35
Florence,55037,4423,55,37
Forest,55041,9304,55,41
Marinette,55075,41749,55,75
Oconto,55083,37660,55,83
Fond du Lac,55039,101633,55,39
Green,55045,36842,55,45
Iowa,55049,23687,55,49
Lafayette,55065,16836,55,65
Green Lake,55047,19051,55,47
Marquette,55077,15404,55,77
Waushara,55137,24496,55,137
Iron,55051,5916,55,51
Oneida,55085,35998,55,85
Vilas,55125,21430,55,125
Jefferson,55055,83686,55,55
Kenosha,55059,166426,55,59
La Crosse,55063,114638,55,63
Langlade,55067,19977,55,67
Lincoln,55069,28743,55,69
Menominee,55078,4232,55,78
Shawano,55115,41949,55,115
Marathon,55073,134063,55,73
Milwaukee,55079,947735,55,79
Outagamie,55087,176695,55,87
Ozaukee,55089,86395,55,89
Pierce,55093,41019,55,93
St. Croix,55109,84345,55,109
Portage,55097,70019,55,97
Racine,55101,195408,55,101
Rock,55105,160331,55,105
Sauk,55111,61976,55,111
Sheboygan,55117,115507,55,117
Walworth,55127,102228,55,127
Washington,55131,131887,55,131
Waukesha,55133,389891,55,133
Waupaca,55135,52410,55,135
Wood,55141,74749,55,141
Big Horn,56003,11668,56,3
Hot Springs,56017,4812,56,17
Park,56029,28205,56,29
Washakie,56043,8533,56,43
Fremont,56013,40123,56,13
Lincoln,56023,18106,56,23
Sublette,56035,10247,56,35
Teton,56039,21294,56,39
Laramie,56021,91738,56,21
Natrona,56025,75450,56,25
Campbell,56005,46133,56,5
Crook,56011,7083,56,11
Johnson,56019,8569,56,19
Sheridan,56033,29116,56,33
Weston,56045,7208,56,45
Albany,56001,36299,56,1
Carbon,56007,15885,56,7
Converse,56009,13833,56,9
Goshen,56015,13249,56,15
Niobrara,56027,2484,56,27
Platte,56031,8667,56,31
Sweetwater,56037,43806,56,37
Uinta,56041,21118,56,41